[2026-07-22 14:50:12] local.ERROR: Command ".\server.php" is not defined. {"exception":"[object] (Symfony\\Component\\Console\\Exception\\CommandNotFoundException(code: 0): Command \".\\server.php\" is not defined. at C:\\xampp\\htdocs\\apply like facebook\\active ecommer\\vendor\\symfony\\console\\Application.php:737)
[stacktrace]
#0 C:\\xampp\\htdocs\\apply like facebook\\active ecommer\\vendor\\symfony\\console\\Application.php(266): Symfony\\Component\\Console\\Application->find('.\\\\server.php')
#1 C:\\xampp\\htdocs\\apply like facebook\\active ecommer\\vendor\\symfony\\console\\Application.php(175): Symfony\\Component\\Console\\Application->doRun(Object(Symfony\\Component\\Console\\Input\\ArgvInput), Object(Symfony\\Component\\Console\\Output\\ConsoleOutput))
#2 C:\\xampp\\htdocs\\apply like facebook\\active ecommer\\vendor\\laravel\\framework\\src\\Illuminate\\Foundation\\Console\\Kernel.php(201): Symfony\\Component\\Console\\Application->run(Object(Symfony\\Component\\Console\\Input\\ArgvInput), Object(Symfony\\Component\\Console\\Output\\ConsoleOutput))
#3 C:\\xampp\\htdocs\\apply like facebook\\active ecommer\\artisan(35): Illuminate\\Foundation\\Console\\Kernel->handle(Object(Symfony\\Component\\Console\\Input\\ArgvInput), Object(Symfony\\Component\\Console\\Output\\ConsoleOutput))
#4 {main}
"} 
[2026-07-22 14:50:12] local.ERROR: Command "server" is not defined.

Did you mean one of these?
    make:observer
    serve {"exception":"[object] (Symfony\\Component\\Console\\Exception\\CommandNotFoundException(code: 0): Command \"server\" is not defined.

Did you mean one of these?
    make:observer
    serve at C:\\xampp\\htdocs\\apply like facebook\\active ecommer\\vendor\\symfony\\console\\Application.php:737)
[stacktrace]
#0 C:\\xampp\\htdocs\\apply like facebook\\active ecommer\\vendor\\symfony\\console\\Application.php(266): Symfony\\Component\\Console\\Application->find('server')
#1 C:\\xampp\\htdocs\\apply like facebook\\active ecommer\\vendor\\symfony\\console\\Application.php(175): Symfony\\Component\\Console\\Application->doRun(Object(Symfony\\Component\\Console\\Input\\ArgvInput), Object(Symfony\\Component\\Console\\Output\\ConsoleOutput))
#2 C:\\xampp\\htdocs\\apply like facebook\\active ecommer\\vendor\\laravel\\framework\\src\\Illuminate\\Foundation\\Console\\Kernel.php(201): Symfony\\Component\\Console\\Application->run(Object(Symfony\\Component\\Console\\Input\\ArgvInput), Object(Symfony\\Component\\Console\\Output\\ConsoleOutput))
#3 C:\\xampp\\htdocs\\apply like facebook\\active ecommer\\artisan(35): Illuminate\\Foundation\\Console\\Kernel->handle(Object(Symfony\\Component\\Console\\Input\\ArgvInput), Object(Symfony\\Component\\Console\\Output\\ConsoleOutput))
#4 {main}
"} 
[2026-07-22 14:56:37] local.ERROR: Unable to prepare route [api/v2/razorpay/payment] for serialization. Another route has already been assigned name [api.razorpay.payment]. {"exception":"[object] (LogicException(code: 0): Unable to prepare route [api/v2/razorpay/payment] for serialization. Another route has already been assigned name [api.razorpay.payment]. at C:\\xampp\\htdocs\\apply like facebook\\active ecommer\\vendor\\laravel\\framework\\src\\Illuminate\\Routing\\AbstractRouteCollection.php:247)
[stacktrace]
#0 C:\\xampp\\htdocs\\apply like facebook\\active ecommer\\vendor\\laravel\\framework\\src\\Illuminate\\Routing\\AbstractRouteCollection.php(208): Illuminate\\Routing\\AbstractRouteCollection->addToSymfonyRoutesCollection(Object(Symfony\\Component\\Routing\\RouteCollection), Object(Illuminate\\Routing\\Route))
#1 C:\\xampp\\htdocs\\apply like facebook\\active ecommer\\vendor\\laravel\\framework\\src\\Illuminate\\Routing\\RouteCollection.php(246): Illuminate\\Routing\\AbstractRouteCollection->toSymfonyRouteCollection()
#2 C:\\xampp\\htdocs\\apply like facebook\\active ecommer\\vendor\\laravel\\framework\\src\\Illuminate\\Routing\\AbstractRouteCollection.php(192): Illuminate\\Routing\\RouteCollection->toSymfonyRouteCollection()
#3 C:\\xampp\\htdocs\\apply like facebook\\active ecommer\\vendor\\laravel\\framework\\src\\Illuminate\\Routing\\AbstractRouteCollection.php(163): Illuminate\\Routing\\AbstractRouteCollection->dumper()
#4 C:\\xampp\\htdocs\\apply like facebook\\active ecommer\\vendor\\laravel\\framework\\src\\Illuminate\\Foundation\\Console\\RouteCacheCommand.php(109): Illuminate\\Routing\\AbstractRouteCollection->compile()
#5 C:\\xampp\\htdocs\\apply like facebook\\active ecommer\\vendor\\laravel\\framework\\src\\Illuminate\\Foundation\\Console\\RouteCacheCommand.php(68): Illuminate\\Foundation\\Console\\RouteCacheCommand->buildRouteCacheFile(Object(Illuminate\\Routing\\RouteCollection))
#6 C:\\xampp\\htdocs\\apply like facebook\\active ecommer\\vendor\\laravel\\framework\\src\\Illuminate\\Container\\BoundMethod.php(36): Illuminate\\Foundation\\Console\\RouteCacheCommand->handle()
#7 C:\\xampp\\htdocs\\apply like facebook\\active ecommer\\vendor\\laravel\\framework\\src\\Illuminate\\Container\\Util.php(41): Illuminate\\Container\\BoundMethod::Illuminate\\Container\\{closure}()
#8 C:\\xampp\\htdocs\\apply like facebook\\active ecommer\\vendor\\laravel\\framework\\src\\Illuminate\\Container\\BoundMethod.php(93): Illuminate\\Container\\Util::unwrapIfClosure(Object(Closure))
#9 C:\\xampp\\htdocs\\apply like facebook\\active ecommer\\vendor\\laravel\\framework\\src\\Illuminate\\Container\\BoundMethod.php(35): Illuminate\\Container\\BoundMethod::callBoundMethod(Object(Illuminate\\Foundation\\Application), Array, Object(Closure))
#10 C:\\xampp\\htdocs\\apply like facebook\\active ecommer\\vendor\\laravel\\framework\\src\\Illuminate\\Container\\Container.php(662): Illuminate\\Container\\BoundMethod::call(Object(Illuminate\\Foundation\\Application), Array, Array, NULL)
#11 C:\\xampp\\htdocs\\apply like facebook\\active ecommer\\vendor\\laravel\\framework\\src\\Illuminate\\Console\\Command.php(211): Illuminate\\Container\\Container->call(Array)
#12 C:\\xampp\\htdocs\\apply like facebook\\active ecommer\\vendor\\symfony\\console\\Command\\Command.php(326): Illuminate\\Console\\Command->execute(Object(Symfony\\Component\\Console\\Input\\ArgvInput), Object(Illuminate\\Console\\OutputStyle))
#13 C:\\xampp\\htdocs\\apply like facebook\\active ecommer\\vendor\\laravel\\framework\\src\\Illuminate\\Console\\Command.php(180): Symfony\\Component\\Console\\Command\\Command->run(Object(Symfony\\Component\\Console\\Input\\ArgvInput), Object(Illuminate\\Console\\OutputStyle))
#14 C:\\xampp\\htdocs\\apply like facebook\\active ecommer\\vendor\\symfony\\console\\Application.php(1096): Illuminate\\Console\\Command->run(Object(Symfony\\Component\\Console\\Input\\ArgvInput), Object(Symfony\\Component\\Console\\Output\\ConsoleOutput))
#15 C:\\xampp\\htdocs\\apply like facebook\\active ecommer\\vendor\\symfony\\console\\Application.php(324): Symfony\\Component\\Console\\Application->doRunCommand(Object(Illuminate\\Foundation\\Console\\RouteCacheCommand), Object(Symfony\\Component\\Console\\Input\\ArgvInput), Object(Symfony\\Component\\Console\\Output\\ConsoleOutput))
#16 C:\\xampp\\htdocs\\apply like facebook\\active ecommer\\vendor\\symfony\\console\\Application.php(175): Symfony\\Component\\Console\\Application->doRun(Object(Symfony\\Component\\Console\\Input\\ArgvInput), Object(Symfony\\Component\\Console\\Output\\ConsoleOutput))
#17 C:\\xampp\\htdocs\\apply like facebook\\active ecommer\\vendor\\laravel\\framework\\src\\Illuminate\\Foundation\\Console\\Kernel.php(201): Symfony\\Component\\Console\\Application->run(Object(Symfony\\Component\\Console\\Input\\ArgvInput), Object(Symfony\\Component\\Console\\Output\\ConsoleOutput))
#18 C:\\xampp\\htdocs\\apply like facebook\\active ecommer\\artisan(35): Illuminate\\Foundation\\Console\\Kernel->handle(Object(Symfony\\Component\\Console\\Input\\ArgvInput), Object(Symfony\\Component\\Console\\Output\\ConsoleOutput))
#19 {main}
"} 
[2026-07-22 14:58:05] local.ERROR: Unable to prepare route [admin/categories] for serialization. Another route has already been assigned name [categories.index]. {"exception":"[object] (LogicException(code: 0): Unable to prepare route [admin/categories] for serialization. Another route has already been assigned name [categories.index]. at C:\\xampp\\htdocs\\apply like facebook\\active ecommer\\vendor\\laravel\\framework\\src\\Illuminate\\Routing\\AbstractRouteCollection.php:247)
[stacktrace]
#0 C:\\xampp\\htdocs\\apply like facebook\\active ecommer\\vendor\\laravel\\framework\\src\\Illuminate\\Routing\\AbstractRouteCollection.php(208): Illuminate\\Routing\\AbstractRouteCollection->addToSymfonyRoutesCollection(Object(Symfony\\Component\\Routing\\RouteCollection), Object(Illuminate\\Routing\\Route))
#1 C:\\xampp\\htdocs\\apply like facebook\\active ecommer\\vendor\\laravel\\framework\\src\\Illuminate\\Routing\\RouteCollection.php(246): Illuminate\\Routing\\AbstractRouteCollection->toSymfonyRouteCollection()
#2 C:\\xampp\\htdocs\\apply like facebook\\active ecommer\\vendor\\laravel\\framework\\src\\Illuminate\\Routing\\AbstractRouteCollection.php(192): Illuminate\\Routing\\RouteCollection->toSymfonyRouteCollection()
#3 C:\\xampp\\htdocs\\apply like facebook\\active ecommer\\vendor\\laravel\\framework\\src\\Illuminate\\Routing\\AbstractRouteCollection.php(163): Illuminate\\Routing\\AbstractRouteCollection->dumper()
#4 C:\\xampp\\htdocs\\apply like facebook\\active ecommer\\vendor\\laravel\\framework\\src\\Illuminate\\Foundation\\Console\\RouteCacheCommand.php(109): Illuminate\\Routing\\AbstractRouteCollection->compile()
#5 C:\\xampp\\htdocs\\apply like facebook\\active ecommer\\vendor\\laravel\\framework\\src\\Illuminate\\Foundation\\Console\\RouteCacheCommand.php(68): Illuminate\\Foundation\\Console\\RouteCacheCommand->buildRouteCacheFile(Object(Illuminate\\Routing\\RouteCollection))
#6 C:\\xampp\\htdocs\\apply like facebook\\active ecommer\\vendor\\laravel\\framework\\src\\Illuminate\\Container\\BoundMethod.php(36): Illuminate\\Foundation\\Console\\RouteCacheCommand->handle()
#7 C:\\xampp\\htdocs\\apply like facebook\\active ecommer\\vendor\\laravel\\framework\\src\\Illuminate\\Container\\Util.php(41): Illuminate\\Container\\BoundMethod::Illuminate\\Container\\{closure}()
#8 C:\\xampp\\htdocs\\apply like facebook\\active ecommer\\vendor\\laravel\\framework\\src\\Illuminate\\Container\\BoundMethod.php(93): Illuminate\\Container\\Util::unwrapIfClosure(Object(Closure))
#9 C:\\xampp\\htdocs\\apply like facebook\\active ecommer\\vendor\\laravel\\framework\\src\\Illuminate\\Container\\BoundMethod.php(35): Illuminate\\Container\\BoundMethod::callBoundMethod(Object(Illuminate\\Foundation\\Application), Array, Object(Closure))
#10 C:\\xampp\\htdocs\\apply like facebook\\active ecommer\\vendor\\laravel\\framework\\src\\Illuminate\\Container\\Container.php(662): Illuminate\\Container\\BoundMethod::call(Object(Illuminate\\Foundation\\Application), Array, Array, NULL)
#11 C:\\xampp\\htdocs\\apply like facebook\\active ecommer\\vendor\\laravel\\framework\\src\\Illuminate\\Console\\Command.php(211): Illuminate\\Container\\Container->call(Array)
#12 C:\\xampp\\htdocs\\apply like facebook\\active ecommer\\vendor\\symfony\\console\\Command\\Command.php(326): Illuminate\\Console\\Command->execute(Object(Symfony\\Component\\Console\\Input\\ArgvInput), Object(Illuminate\\Console\\OutputStyle))
#13 C:\\xampp\\htdocs\\apply like facebook\\active ecommer\\vendor\\laravel\\framework\\src\\Illuminate\\Console\\Command.php(180): Symfony\\Component\\Console\\Command\\Command->run(Object(Symfony\\Component\\Console\\Input\\ArgvInput), Object(Illuminate\\Console\\OutputStyle))
#14 C:\\xampp\\htdocs\\apply like facebook\\active ecommer\\vendor\\symfony\\console\\Application.php(1096): Illuminate\\Console\\Command->run(Object(Symfony\\Component\\Console\\Input\\ArgvInput), Object(Symfony\\Component\\Console\\Output\\ConsoleOutput))
#15 C:\\xampp\\htdocs\\apply like facebook\\active ecommer\\vendor\\symfony\\console\\Application.php(324): Symfony\\Component\\Console\\Application->doRunCommand(Object(Illuminate\\Foundation\\Console\\RouteCacheCommand), Object(Symfony\\Component\\Console\\Input\\ArgvInput), Object(Symfony\\Component\\Console\\Output\\ConsoleOutput))
#16 C:\\xampp\\htdocs\\apply like facebook\\active ecommer\\vendor\\symfony\\console\\Application.php(175): Symfony\\Component\\Console\\Application->doRun(Object(Symfony\\Component\\Console\\Input\\ArgvInput), Object(Symfony\\Component\\Console\\Output\\ConsoleOutput))
#17 C:\\xampp\\htdocs\\apply like facebook\\active ecommer\\vendor\\laravel\\framework\\src\\Illuminate\\Foundation\\Console\\Kernel.php(201): Symfony\\Component\\Console\\Application->run(Object(Symfony\\Component\\Console\\Input\\ArgvInput), Object(Symfony\\Component\\Console\\Output\\ConsoleOutput))
#18 C:\\xampp\\htdocs\\apply like facebook\\active ecommer\\artisan(35): Illuminate\\Foundation\\Console\\Kernel->handle(Object(Symfony\\Component\\Console\\Input\\ArgvInput), Object(Symfony\\Component\\Console\\Output\\ConsoleOutput))
#19 {main}
"} 
[2026-07-22 14:58:08] local.ERROR: Class "App\Http\Controllers\MyFatoorahController" does not exist {"exception":"[object] (ReflectionException(code: -1): Class \"App\\Http\\Controllers\\MyFatoorahController\" does not exist at C:\\xampp\\htdocs\\apply like facebook\\active ecommer\\vendor\\laravel\\framework\\src\\Illuminate\\Foundation\\Console\\RouteListCommand.php:225)
[stacktrace]
#0 C:\\xampp\\htdocs\\apply like facebook\\active ecommer\\vendor\\laravel\\framework\\src\\Illuminate\\Foundation\\Console\\RouteListCommand.php(225): ReflectionClass->__construct('App\\\\Http\\\\Contro...')
#1 C:\\xampp\\htdocs\\apply like facebook\\active ecommer\\vendor\\laravel\\framework\\src\\Illuminate\\Foundation\\Console\\RouteListCommand.php(147): Illuminate\\Foundation\\Console\\RouteListCommand->isVendorRoute(Object(Illuminate\\Routing\\Route))
#2 C:\\xampp\\htdocs\\apply like facebook\\active ecommer\\vendor\\laravel\\framework\\src\\Illuminate\\Foundation\\Console\\RouteListCommand.php(116): Illuminate\\Foundation\\Console\\RouteListCommand->getRouteInformation(Object(Illuminate\\Routing\\Route))
#3 [internal function]: Illuminate\\Foundation\\Console\\RouteListCommand->Illuminate\\Foundation\\Console\\{closure}(Object(Illuminate\\Routing\\Route), 0)
#4 C:\\xampp\\htdocs\\apply like facebook\\active ecommer\\vendor\\laravel\\framework\\src\\Illuminate\\Collections\\Arr.php(600): array_map(Object(Closure), Array, Array)
#5 C:\\xampp\\htdocs\\apply like facebook\\active ecommer\\vendor\\laravel\\framework\\src\\Illuminate\\Collections\\Collection.php(778): Illuminate\\Support\\Arr::map(Array, Object(Closure))
#6 C:\\xampp\\htdocs\\apply like facebook\\active ecommer\\vendor\\laravel\\framework\\src\\Illuminate\\Foundation\\Console\\RouteListCommand.php(115): Illuminate\\Support\\Collection->map(Object(Closure))
#7 C:\\xampp\\htdocs\\apply like facebook\\active ecommer\\vendor\\laravel\\framework\\src\\Illuminate\\Foundation\\Console\\RouteListCommand.php(101): Illuminate\\Foundation\\Console\\RouteListCommand->getRoutes()
#8 C:\\xampp\\htdocs\\apply like facebook\\active ecommer\\vendor\\laravel\\framework\\src\\Illuminate\\Container\\BoundMethod.php(36): Illuminate\\Foundation\\Console\\RouteListCommand->handle()
#9 C:\\xampp\\htdocs\\apply like facebook\\active ecommer\\vendor\\laravel\\framework\\src\\Illuminate\\Container\\Util.php(41): Illuminate\\Container\\BoundMethod::Illuminate\\Container\\{closure}()
#10 C:\\xampp\\htdocs\\apply like facebook\\active ecommer\\vendor\\laravel\\framework\\src\\Illuminate\\Container\\BoundMethod.php(93): Illuminate\\Container\\Util::unwrapIfClosure(Object(Closure))
#11 C:\\xampp\\htdocs\\apply like facebook\\active ecommer\\vendor\\laravel\\framework\\src\\Illuminate\\Container\\BoundMethod.php(35): Illuminate\\Container\\BoundMethod::callBoundMethod(Object(Illuminate\\Foundation\\Application), Array, Object(Closure))
#12 C:\\xampp\\htdocs\\apply like facebook\\active ecommer\\vendor\\laravel\\framework\\src\\Illuminate\\Container\\Container.php(662): Illuminate\\Container\\BoundMethod::call(Object(Illuminate\\Foundation\\Application), Array, Array, NULL)
#13 C:\\xampp\\htdocs\\apply like facebook\\active ecommer\\vendor\\laravel\\framework\\src\\Illuminate\\Console\\Command.php(211): Illuminate\\Container\\Container->call(Array)
#14 C:\\xampp\\htdocs\\apply like facebook\\active ecommer\\vendor\\symfony\\console\\Command\\Command.php(326): Illuminate\\Console\\Command->execute(Object(Symfony\\Component\\Console\\Input\\ArgvInput), Object(Illuminate\\Console\\OutputStyle))
#15 C:\\xampp\\htdocs\\apply like facebook\\active ecommer\\vendor\\laravel\\framework\\src\\Illuminate\\Console\\Command.php(180): Symfony\\Component\\Console\\Command\\Command->run(Object(Symfony\\Component\\Console\\Input\\ArgvInput), Object(Illuminate\\Console\\OutputStyle))
#16 C:\\xampp\\htdocs\\apply like facebook\\active ecommer\\vendor\\symfony\\console\\Application.php(1096): Illuminate\\Console\\Command->run(Object(Symfony\\Component\\Console\\Input\\ArgvInput), Object(Symfony\\Component\\Console\\Output\\ConsoleOutput))
#17 C:\\xampp\\htdocs\\apply like facebook\\active ecommer\\vendor\\symfony\\console\\Application.php(324): Symfony\\Component\\Console\\Application->doRunCommand(Object(Illuminate\\Foundation\\Console\\RouteListCommand), Object(Symfony\\Component\\Console\\Input\\ArgvInput), Object(Symfony\\Component\\Console\\Output\\ConsoleOutput))
#18 C:\\xampp\\htdocs\\apply like facebook\\active ecommer\\vendor\\symfony\\console\\Application.php(175): Symfony\\Component\\Console\\Application->doRun(Object(Symfony\\Component\\Console\\Input\\ArgvInput), Object(Symfony\\Component\\Console\\Output\\ConsoleOutput))
#19 C:\\xampp\\htdocs\\apply like facebook\\active ecommer\\vendor\\laravel\\framework\\src\\Illuminate\\Foundation\\Console\\Kernel.php(201): Symfony\\Component\\Console\\Application->run(Object(Symfony\\Component\\Console\\Input\\ArgvInput), Object(Symfony\\Component\\Console\\Output\\ConsoleOutput))
#20 C:\\xampp\\htdocs\\apply like facebook\\active ecommer\\artisan(35): Illuminate\\Foundation\\Console\\Kernel->handle(Object(Symfony\\Component\\Console\\Input\\ArgvInput), Object(Symfony\\Component\\Console\\Output\\ConsoleOutput))
#21 {main}
"} 
[2026-07-22 14:58:26] local.ERROR: Class "App\Http\Controllers\MyFatoorahController" does not exist {"exception":"[object] (ReflectionException(code: -1): Class \"App\\Http\\Controllers\\MyFatoorahController\" does not exist at C:\\xampp\\htdocs\\apply like facebook\\active ecommer\\vendor\\laravel\\framework\\src\\Illuminate\\Foundation\\Console\\RouteListCommand.php:225)
[stacktrace]
#0 C:\\xampp\\htdocs\\apply like facebook\\active ecommer\\vendor\\laravel\\framework\\src\\Illuminate\\Foundation\\Console\\RouteListCommand.php(225): ReflectionClass->__construct('App\\\\Http\\\\Contro...')
#1 C:\\xampp\\htdocs\\apply like facebook\\active ecommer\\vendor\\laravel\\framework\\src\\Illuminate\\Foundation\\Console\\RouteListCommand.php(147): Illuminate\\Foundation\\Console\\RouteListCommand->isVendorRoute(Object(Illuminate\\Routing\\Route))
#2 C:\\xampp\\htdocs\\apply like facebook\\active ecommer\\vendor\\laravel\\framework\\src\\Illuminate\\Foundation\\Console\\RouteListCommand.php(116): Illuminate\\Foundation\\Console\\RouteListCommand->getRouteInformation(Object(Illuminate\\Routing\\Route))
#3 [internal function]: Illuminate\\Foundation\\Console\\RouteListCommand->Illuminate\\Foundation\\Console\\{closure}(Object(Illuminate\\Routing\\Route), 0)
#4 C:\\xampp\\htdocs\\apply like facebook\\active ecommer\\vendor\\laravel\\framework\\src\\Illuminate\\Collections\\Arr.php(600): array_map(Object(Closure), Array, Array)
#5 C:\\xampp\\htdocs\\apply like facebook\\active ecommer\\vendor\\laravel\\framework\\src\\Illuminate\\Collections\\Collection.php(778): Illuminate\\Support\\Arr::map(Array, Object(Closure))
#6 C:\\xampp\\htdocs\\apply like facebook\\active ecommer\\vendor\\laravel\\framework\\src\\Illuminate\\Foundation\\Console\\RouteListCommand.php(115): Illuminate\\Support\\Collection->map(Object(Closure))
#7 C:\\xampp\\htdocs\\apply like facebook\\active ecommer\\vendor\\laravel\\framework\\src\\Illuminate\\Foundation\\Console\\RouteListCommand.php(101): Illuminate\\Foundation\\Console\\RouteListCommand->getRoutes()
#8 C:\\xampp\\htdocs\\apply like facebook\\active ecommer\\vendor\\laravel\\framework\\src\\Illuminate\\Container\\BoundMethod.php(36): Illuminate\\Foundation\\Console\\RouteListCommand->handle()
#9 C:\\xampp\\htdocs\\apply like facebook\\active ecommer\\vendor\\laravel\\framework\\src\\Illuminate\\Container\\Util.php(41): Illuminate\\Container\\BoundMethod::Illuminate\\Container\\{closure}()
#10 C:\\xampp\\htdocs\\apply like facebook\\active ecommer\\vendor\\laravel\\framework\\src\\Illuminate\\Container\\BoundMethod.php(93): Illuminate\\Container\\Util::unwrapIfClosure(Object(Closure))
#11 C:\\xampp\\htdocs\\apply like facebook\\active ecommer\\vendor\\laravel\\framework\\src\\Illuminate\\Container\\BoundMethod.php(35): Illuminate\\Container\\BoundMethod::callBoundMethod(Object(Illuminate\\Foundation\\Application), Array, Object(Closure))
#12 C:\\xampp\\htdocs\\apply like facebook\\active ecommer\\vendor\\laravel\\framework\\src\\Illuminate\\Container\\Container.php(662): Illuminate\\Container\\BoundMethod::call(Object(Illuminate\\Foundation\\Application), Array, Array, NULL)
#13 C:\\xampp\\htdocs\\apply like facebook\\active ecommer\\vendor\\laravel\\framework\\src\\Illuminate\\Console\\Command.php(211): Illuminate\\Container\\Container->call(Array)
#14 C:\\xampp\\htdocs\\apply like facebook\\active ecommer\\vendor\\symfony\\console\\Command\\Command.php(326): Illuminate\\Console\\Command->execute(Object(Symfony\\Component\\Console\\Input\\ArgvInput), Object(Illuminate\\Console\\OutputStyle))
#15 C:\\xampp\\htdocs\\apply like facebook\\active ecommer\\vendor\\laravel\\framework\\src\\Illuminate\\Console\\Command.php(180): Symfony\\Component\\Console\\Command\\Command->run(Object(Symfony\\Component\\Console\\Input\\ArgvInput), Object(Illuminate\\Console\\OutputStyle))
#16 C:\\xampp\\htdocs\\apply like facebook\\active ecommer\\vendor\\symfony\\console\\Application.php(1096): Illuminate\\Console\\Command->run(Object(Symfony\\Component\\Console\\Input\\ArgvInput), Object(Symfony\\Component\\Console\\Output\\ConsoleOutput))
#17 C:\\xampp\\htdocs\\apply like facebook\\active ecommer\\vendor\\symfony\\console\\Application.php(324): Symfony\\Component\\Console\\Application->doRunCommand(Object(Illuminate\\Foundation\\Console\\RouteListCommand), Object(Symfony\\Component\\Console\\Input\\ArgvInput), Object(Symfony\\Component\\Console\\Output\\ConsoleOutput))
#18 C:\\xampp\\htdocs\\apply like facebook\\active ecommer\\vendor\\symfony\\console\\Application.php(175): Symfony\\Component\\Console\\Application->doRun(Object(Symfony\\Component\\Console\\Input\\ArgvInput), Object(Symfony\\Component\\Console\\Output\\ConsoleOutput))
#19 C:\\xampp\\htdocs\\apply like facebook\\active ecommer\\vendor\\laravel\\framework\\src\\Illuminate\\Foundation\\Console\\Kernel.php(201): Symfony\\Component\\Console\\Application->run(Object(Symfony\\Component\\Console\\Input\\ArgvInput), Object(Symfony\\Component\\Console\\Output\\ConsoleOutput))
#20 C:\\xampp\\htdocs\\apply like facebook\\active ecommer\\artisan(35): Illuminate\\Foundation\\Console\\Kernel->handle(Object(Symfony\\Component\\Console\\Input\\ArgvInput), Object(Symfony\\Component\\Console\\Output\\ConsoleOutput))
#21 {main}
"} 
[2026-07-22 14:58:54] local.ERROR: PHP Parse error: Syntax error, unexpected T_NS_SEPARATOR, expecting ')' on line 1 {"exception":"[object] (Psy\\Exception\\ParseErrorException(code: 0): PHP Parse error: Syntax error, unexpected T_NS_SEPARATOR, expecting ')' on line 1 at C:\\xampp\\htdocs\\apply like facebook\\active ecommer\\vendor\\psy\\psysh\\src\\Exception\\ParseErrorException.php:44)
[stacktrace]
#0 C:\\xampp\\htdocs\\apply like facebook\\active ecommer\\vendor\\psy\\psysh\\src\\CodeCleaner.php(306): Psy\\Exception\\ParseErrorException::fromParseError(Object(PhpParser\\Error))
#1 C:\\xampp\\htdocs\\apply like facebook\\active ecommer\\vendor\\psy\\psysh\\src\\CodeCleaner.php(240): Psy\\CodeCleaner->parse('<?php try { DB:...', false)
#2 C:\\xampp\\htdocs\\apply like facebook\\active ecommer\\vendor\\psy\\psysh\\src\\Shell.php(852): Psy\\CodeCleaner->clean(Array, false)
#3 C:\\xampp\\htdocs\\apply like facebook\\active ecommer\\vendor\\psy\\psysh\\src\\Shell.php(881): Psy\\Shell->addCode('try { DB::conne...', true)
#4 C:\\xampp\\htdocs\\apply like facebook\\active ecommer\\vendor\\psy\\psysh\\src\\Shell.php(1390): Psy\\Shell->setCode('try { DB::conne...', true)
#5 C:\\xampp\\htdocs\\apply like facebook\\active ecommer\\vendor\\laravel\\tinker\\src\\Console\\TinkerCommand.php(76): Psy\\Shell->execute('try { DB::conne...')
#6 C:\\xampp\\htdocs\\apply like facebook\\active ecommer\\vendor\\laravel\\framework\\src\\Illuminate\\Container\\BoundMethod.php(36): Laravel\\Tinker\\Console\\TinkerCommand->handle()
#7 C:\\xampp\\htdocs\\apply like facebook\\active ecommer\\vendor\\laravel\\framework\\src\\Illuminate\\Container\\Util.php(41): Illuminate\\Container\\BoundMethod::Illuminate\\Container\\{closure}()
#8 C:\\xampp\\htdocs\\apply like facebook\\active ecommer\\vendor\\laravel\\framework\\src\\Illuminate\\Container\\BoundMethod.php(93): Illuminate\\Container\\Util::unwrapIfClosure(Object(Closure))
#9 C:\\xampp\\htdocs\\apply like facebook\\active ecommer\\vendor\\laravel\\framework\\src\\Illuminate\\Container\\BoundMethod.php(35): Illuminate\\Container\\BoundMethod::callBoundMethod(Object(Illuminate\\Foundation\\Application), Array, Object(Closure))
#10 C:\\xampp\\htdocs\\apply like facebook\\active ecommer\\vendor\\laravel\\framework\\src\\Illuminate\\Container\\Container.php(662): Illuminate\\Container\\BoundMethod::call(Object(Illuminate\\Foundation\\Application), Array, Array, NULL)
#11 C:\\xampp\\htdocs\\apply like facebook\\active ecommer\\vendor\\laravel\\framework\\src\\Illuminate\\Console\\Command.php(211): Illuminate\\Container\\Container->call(Array)
#12 C:\\xampp\\htdocs\\apply like facebook\\active ecommer\\vendor\\symfony\\console\\Command\\Command.php(326): Illuminate\\Console\\Command->execute(Object(Symfony\\Component\\Console\\Input\\ArgvInput), Object(Illuminate\\Console\\OutputStyle))
#13 C:\\xampp\\htdocs\\apply like facebook\\active ecommer\\vendor\\laravel\\framework\\src\\Illuminate\\Console\\Command.php(180): Symfony\\Component\\Console\\Command\\Command->run(Object(Symfony\\Component\\Console\\Input\\ArgvInput), Object(Illuminate\\Console\\OutputStyle))
#14 C:\\xampp\\htdocs\\apply like facebook\\active ecommer\\vendor\\symfony\\console\\Application.php(1096): Illuminate\\Console\\Command->run(Object(Symfony\\Component\\Console\\Input\\ArgvInput), Object(Symfony\\Component\\Console\\Output\\ConsoleOutput))
#15 C:\\xampp\\htdocs\\apply like facebook\\active ecommer\\vendor\\symfony\\console\\Application.php(324): Symfony\\Component\\Console\\Application->doRunCommand(Object(Laravel\\Tinker\\Console\\TinkerCommand), Object(Symfony\\Component\\Console\\Input\\ArgvInput), Object(Symfony\\Component\\Console\\Output\\ConsoleOutput))
#16 C:\\xampp\\htdocs\\apply like facebook\\active ecommer\\vendor\\symfony\\console\\Application.php(175): Symfony\\Component\\Console\\Application->doRun(Object(Symfony\\Component\\Console\\Input\\ArgvInput), Object(Symfony\\Component\\Console\\Output\\ConsoleOutput))
#17 C:\\xampp\\htdocs\\apply like facebook\\active ecommer\\vendor\\laravel\\framework\\src\\Illuminate\\Foundation\\Console\\Kernel.php(201): Symfony\\Component\\Console\\Application->run(Object(Symfony\\Component\\Console\\Input\\ArgvInput), Object(Symfony\\Component\\Console\\Output\\ConsoleOutput))
#18 C:\\xampp\\htdocs\\apply like facebook\\active ecommer\\artisan(35): Illuminate\\Foundation\\Console\\Kernel->handle(Object(Symfony\\Component\\Console\\Input\\ArgvInput), Object(Symfony\\Component\\Console\\Output\\ConsoleOutput))
#19 {main}
"} 
[2026-07-22 15:08:29] local.ERROR: PHP Parse error: Syntax error, unexpected T_NS_SEPARATOR on line 1 {"exception":"[object] (Psy\\Exception\\ParseErrorException(code: 0): PHP Parse error: Syntax error, unexpected T_NS_SEPARATOR on line 1 at C:\\xampp\\htdocs\\apply like facebook\\active ecommer\\vendor\\psy\\psysh\\src\\Exception\\ParseErrorException.php:44)
[stacktrace]
#0 C:\\xampp\\htdocs\\apply like facebook\\active ecommer\\vendor\\psy\\psysh\\src\\CodeCleaner.php(306): Psy\\Exception\\ParseErrorException::fromParseError(Object(PhpParser\\Error))
#1 C:\\xampp\\htdocs\\apply like facebook\\active ecommer\\vendor\\psy\\psysh\\src\\CodeCleaner.php(240): Psy\\CodeCleaner->parse('<?php \\\\ = DB::t...', false)
#2 C:\\xampp\\htdocs\\apply like facebook\\active ecommer\\vendor\\psy\\psysh\\src\\Shell.php(852): Psy\\CodeCleaner->clean(Array, false)
#3 C:\\xampp\\htdocs\\apply like facebook\\active ecommer\\vendor\\psy\\psysh\\src\\Shell.php(881): Psy\\Shell->addCode('\\\\ = DB::table('...', true)
#4 C:\\xampp\\htdocs\\apply like facebook\\active ecommer\\vendor\\psy\\psysh\\src\\Shell.php(1390): Psy\\Shell->setCode('\\\\ = DB::table('...', true)
#5 C:\\xampp\\htdocs\\apply like facebook\\active ecommer\\vendor\\laravel\\tinker\\src\\Console\\TinkerCommand.php(76): Psy\\Shell->execute('\\\\ = DB::table('...')
#6 C:\\xampp\\htdocs\\apply like facebook\\active ecommer\\vendor\\laravel\\framework\\src\\Illuminate\\Container\\BoundMethod.php(36): Laravel\\Tinker\\Console\\TinkerCommand->handle()
#7 C:\\xampp\\htdocs\\apply like facebook\\active ecommer\\vendor\\laravel\\framework\\src\\Illuminate\\Container\\Util.php(41): Illuminate\\Container\\BoundMethod::Illuminate\\Container\\{closure}()
#8 C:\\xampp\\htdocs\\apply like facebook\\active ecommer\\vendor\\laravel\\framework\\src\\Illuminate\\Container\\BoundMethod.php(93): Illuminate\\Container\\Util::unwrapIfClosure(Object(Closure))
#9 C:\\xampp\\htdocs\\apply like facebook\\active ecommer\\vendor\\laravel\\framework\\src\\Illuminate\\Container\\BoundMethod.php(35): Illuminate\\Container\\BoundMethod::callBoundMethod(Object(Illuminate\\Foundation\\Application), Array, Object(Closure))
#10 C:\\xampp\\htdocs\\apply like facebook\\active ecommer\\vendor\\laravel\\framework\\src\\Illuminate\\Container\\Container.php(662): Illuminate\\Container\\BoundMethod::call(Object(Illuminate\\Foundation\\Application), Array, Array, NULL)
#11 C:\\xampp\\htdocs\\apply like facebook\\active ecommer\\vendor\\laravel\\framework\\src\\Illuminate\\Console\\Command.php(211): Illuminate\\Container\\Container->call(Array)
#12 C:\\xampp\\htdocs\\apply like facebook\\active ecommer\\vendor\\symfony\\console\\Command\\Command.php(326): Illuminate\\Console\\Command->execute(Object(Symfony\\Component\\Console\\Input\\ArgvInput), Object(Illuminate\\Console\\OutputStyle))
#13 C:\\xampp\\htdocs\\apply like facebook\\active ecommer\\vendor\\laravel\\framework\\src\\Illuminate\\Console\\Command.php(180): Symfony\\Component\\Console\\Command\\Command->run(Object(Symfony\\Component\\Console\\Input\\ArgvInput), Object(Illuminate\\Console\\OutputStyle))
#14 C:\\xampp\\htdocs\\apply like facebook\\active ecommer\\vendor\\symfony\\console\\Application.php(1096): Illuminate\\Console\\Command->run(Object(Symfony\\Component\\Console\\Input\\ArgvInput), Object(Symfony\\Component\\Console\\Output\\ConsoleOutput))
#15 C:\\xampp\\htdocs\\apply like facebook\\active ecommer\\vendor\\symfony\\console\\Application.php(324): Symfony\\Component\\Console\\Application->doRunCommand(Object(Laravel\\Tinker\\Console\\TinkerCommand), Object(Symfony\\Component\\Console\\Input\\ArgvInput), Object(Symfony\\Component\\Console\\Output\\ConsoleOutput))
#16 C:\\xampp\\htdocs\\apply like facebook\\active ecommer\\vendor\\symfony\\console\\Application.php(175): Symfony\\Component\\Console\\Application->doRun(Object(Symfony\\Component\\Console\\Input\\ArgvInput), Object(Symfony\\Component\\Console\\Output\\ConsoleOutput))
#17 C:\\xampp\\htdocs\\apply like facebook\\active ecommer\\vendor\\laravel\\framework\\src\\Illuminate\\Foundation\\Console\\Kernel.php(201): Symfony\\Component\\Console\\Application->run(Object(Symfony\\Component\\Console\\Input\\ArgvInput), Object(Symfony\\Component\\Console\\Output\\ConsoleOutput))
#18 C:\\xampp\\htdocs\\apply like facebook\\active ecommer\\artisan(35): Illuminate\\Foundation\\Console\\Kernel->handle(Object(Symfony\\Component\\Console\\Input\\ArgvInput), Object(Symfony\\Component\\Console\\Output\\ConsoleOutput))
#19 {main}
"} 
[2026-07-22 15:08:58] local.ERROR: SQLSTATE[42S01]: Base table or view already exists: 1050 Table 'personal_access_tokens' already exists (Connection: mysql, SQL: create table `personal_access_tokens` (`id` bigint unsigned not null auto_increment primary key, `tokenable_type` varchar(191) not null, `tokenable_id` bigint unsigned not null, `name` varchar(191) not null, `token` varchar(64) not null, `abilities` text null, `last_used_at` timestamp null, `created_at` timestamp null, `updated_at` timestamp null) default character set utf8mb4 collate 'utf8mb4_unicode_ci') {"exception":"[object] (Illuminate\\Database\\QueryException(code: 42S01): SQLSTATE[42S01]: Base table or view already exists: 1050 Table 'personal_access_tokens' already exists (Connection: mysql, SQL: create table `personal_access_tokens` (`id` bigint unsigned not null auto_increment primary key, `tokenable_type` varchar(191) not null, `tokenable_id` bigint unsigned not null, `name` varchar(191) not null, `token` varchar(64) not null, `abilities` text null, `last_used_at` timestamp null, `created_at` timestamp null, `updated_at` timestamp null) default character set utf8mb4 collate 'utf8mb4_unicode_ci') at C:\\xampp\\htdocs\\apply like facebook\\active ecommer\\vendor\\laravel\\framework\\src\\Illuminate\\Database\\Connection.php:829)
[stacktrace]
#0 C:\\xampp\\htdocs\\apply like facebook\\active ecommer\\vendor\\laravel\\framework\\src\\Illuminate\\Database\\Connection.php(783): Illuminate\\Database\\Connection->runQueryCallback('create table `p...', Array, Object(Closure))
#1 C:\\xampp\\htdocs\\apply like facebook\\active ecommer\\vendor\\laravel\\framework\\src\\Illuminate\\Database\\Connection.php(576): Illuminate\\Database\\Connection->run('create table `p...', Array, Object(Closure))
#2 C:\\xampp\\htdocs\\apply like facebook\\active ecommer\\vendor\\laravel\\framework\\src\\Illuminate\\Database\\Schema\\Blueprint.php(110): Illuminate\\Database\\Connection->statement('create table `p...')
#3 C:\\xampp\\htdocs\\apply like facebook\\active ecommer\\vendor\\laravel\\framework\\src\\Illuminate\\Database\\Schema\\Builder.php(602): Illuminate\\Database\\Schema\\Blueprint->build(Object(Illuminate\\Database\\MySqlConnection), Object(Illuminate\\Database\\Schema\\Grammars\\MySqlGrammar))
#4 C:\\xampp\\htdocs\\apply like facebook\\active ecommer\\vendor\\laravel\\framework\\src\\Illuminate\\Database\\Schema\\Builder.php(456): Illuminate\\Database\\Schema\\Builder->build(Object(Illuminate\\Database\\Schema\\Blueprint))
#5 C:\\xampp\\htdocs\\apply like facebook\\active ecommer\\vendor\\laravel\\framework\\src\\Illuminate\\Support\\Facades\\Facade.php(355): Illuminate\\Database\\Schema\\Builder->create('personal_access...', Object(Closure))
#6 C:\\xampp\\htdocs\\apply like facebook\\active ecommer\\database\\migrations\\2019_12_14_000001_create_personal_access_tokens_table.php(16): Illuminate\\Support\\Facades\\Facade::__callStatic('create', Array)
#7 C:\\xampp\\htdocs\\apply like facebook\\active ecommer\\vendor\\laravel\\framework\\src\\Illuminate\\Database\\Migrations\\Migrator.php(493): CreatePersonalAccessTokensTable->up()
#8 C:\\xampp\\htdocs\\apply like facebook\\active ecommer\\vendor\\laravel\\framework\\src\\Illuminate\\Database\\Migrations\\Migrator.php(410): Illuminate\\Database\\Migrations\\Migrator->runMethod(Object(Illuminate\\Database\\MySqlConnection), Object(CreatePersonalAccessTokensTable), 'up')
#9 C:\\xampp\\htdocs\\apply like facebook\\active ecommer\\vendor\\laravel\\framework\\src\\Illuminate\\Database\\Migrations\\Migrator.php(419): Illuminate\\Database\\Migrations\\Migrator->Illuminate\\Database\\Migrations\\{closure}()
#10 C:\\xampp\\htdocs\\apply like facebook\\active ecommer\\vendor\\laravel\\framework\\src\\Illuminate\\Database\\Migrations\\Migrator.php(216): Illuminate\\Database\\Migrations\\Migrator->runMigration(Object(CreatePersonalAccessTokensTable), 'up')
#11 C:\\xampp\\htdocs\\apply like facebook\\active ecommer\\vendor\\laravel\\framework\\src\\Illuminate\\Console\\View\\Components\\Task.php(37): Illuminate\\Database\\Migrations\\Migrator->Illuminate\\Database\\Migrations\\{closure}()
#12 C:\\xampp\\htdocs\\apply like facebook\\active ecommer\\vendor\\laravel\\framework\\src\\Illuminate\\Database\\Migrations\\Migrator.php(756): Illuminate\\Console\\View\\Components\\Task->render('2019_12_14_0000...', Object(Closure))
#13 C:\\xampp\\htdocs\\apply like facebook\\active ecommer\\vendor\\laravel\\framework\\src\\Illuminate\\Database\\Migrations\\Migrator.php(216): Illuminate\\Database\\Migrations\\Migrator->write('Illuminate\\\\Cons...', '2019_12_14_0000...', Object(Closure))
#14 C:\\xampp\\htdocs\\apply like facebook\\active ecommer\\vendor\\laravel\\framework\\src\\Illuminate\\Database\\Migrations\\Migrator.php(181): Illuminate\\Database\\Migrations\\Migrator->runUp('C:\\\\xampp\\\\htdocs...', 3, false)
#15 C:\\xampp\\htdocs\\apply like facebook\\active ecommer\\vendor\\laravel\\framework\\src\\Illuminate\\Database\\Migrations\\Migrator.php(124): Illuminate\\Database\\Migrations\\Migrator->runPending(Array, Array)
#16 C:\\xampp\\htdocs\\apply like facebook\\active ecommer\\vendor\\laravel\\framework\\src\\Illuminate\\Database\\Console\\Migrations\\MigrateCommand.php(90): Illuminate\\Database\\Migrations\\Migrator->run(Array, Array)
#17 C:\\xampp\\htdocs\\apply like facebook\\active ecommer\\vendor\\laravel\\framework\\src\\Illuminate\\Database\\Migrations\\Migrator.php(633): Illuminate\\Database\\Console\\Migrations\\MigrateCommand->Illuminate\\Database\\Console\\Migrations\\{closure}()
#18 C:\\xampp\\htdocs\\apply like facebook\\active ecommer\\vendor\\laravel\\framework\\src\\Illuminate\\Database\\Console\\Migrations\\MigrateCommand.php(83): Illuminate\\Database\\Migrations\\Migrator->usingConnection(NULL, Object(Closure))
#19 C:\\xampp\\htdocs\\apply like facebook\\active ecommer\\vendor\\laravel\\framework\\src\\Illuminate\\Container\\BoundMethod.php(36): Illuminate\\Database\\Console\\Migrations\\MigrateCommand->handle()
#20 C:\\xampp\\htdocs\\apply like facebook\\active ecommer\\vendor\\laravel\\framework\\src\\Illuminate\\Container\\Util.php(41): Illuminate\\Container\\BoundMethod::Illuminate\\Container\\{closure}()
#21 C:\\xampp\\htdocs\\apply like facebook\\active ecommer\\vendor\\laravel\\framework\\src\\Illuminate\\Container\\BoundMethod.php(93): Illuminate\\Container\\Util::unwrapIfClosure(Object(Closure))
#22 C:\\xampp\\htdocs\\apply like facebook\\active ecommer\\vendor\\laravel\\framework\\src\\Illuminate\\Container\\BoundMethod.php(35): Illuminate\\Container\\BoundMethod::callBoundMethod(Object(Illuminate\\Foundation\\Application), Array, Object(Closure))
#23 C:\\xampp\\htdocs\\apply like facebook\\active ecommer\\vendor\\laravel\\framework\\src\\Illuminate\\Container\\Container.php(662): Illuminate\\Container\\BoundMethod::call(Object(Illuminate\\Foundation\\Application), Array, Array, NULL)
#24 C:\\xampp\\htdocs\\apply like facebook\\active ecommer\\vendor\\laravel\\framework\\src\\Illuminate\\Console\\Command.php(211): Illuminate\\Container\\Container->call(Array)
#25 C:\\xampp\\htdocs\\apply like facebook\\active ecommer\\vendor\\symfony\\console\\Command\\Command.php(326): Illuminate\\Console\\Command->execute(Object(Symfony\\Component\\Console\\Input\\ArgvInput), Object(Illuminate\\Console\\OutputStyle))
#26 C:\\xampp\\htdocs\\apply like facebook\\active ecommer\\vendor\\laravel\\framework\\src\\Illuminate\\Console\\Command.php(180): Symfony\\Component\\Console\\Command\\Command->run(Object(Symfony\\Component\\Console\\Input\\ArgvInput), Object(Illuminate\\Console\\OutputStyle))
#27 C:\\xampp\\htdocs\\apply like facebook\\active ecommer\\vendor\\symfony\\console\\Application.php(1096): Illuminate\\Console\\Command->run(Object(Symfony\\Component\\Console\\Input\\ArgvInput), Object(Symfony\\Component\\Console\\Output\\ConsoleOutput))
#28 C:\\xampp\\htdocs\\apply like facebook\\active ecommer\\vendor\\symfony\\console\\Application.php(324): Symfony\\Component\\Console\\Application->doRunCommand(Object(Illuminate\\Database\\Console\\Migrations\\MigrateCommand), Object(Symfony\\Component\\Console\\Input\\ArgvInput), Object(Symfony\\Component\\Console\\Output\\ConsoleOutput))
#29 C:\\xampp\\htdocs\\apply like facebook\\active ecommer\\vendor\\symfony\\console\\Application.php(175): Symfony\\Component\\Console\\Application->doRun(Object(Symfony\\Component\\Console\\Input\\ArgvInput), Object(Symfony\\Component\\Console\\Output\\ConsoleOutput))
#30 C:\\xampp\\htdocs\\apply like facebook\\active ecommer\\vendor\\laravel\\framework\\src\\Illuminate\\Foundation\\Console\\Kernel.php(201): Symfony\\Component\\Console\\Application->run(Object(Symfony\\Component\\Console\\Input\\ArgvInput), Object(Symfony\\Component\\Console\\Output\\ConsoleOutput))
#31 C:\\xampp\\htdocs\\apply like facebook\\active ecommer\\artisan(35): Illuminate\\Foundation\\Console\\Kernel->handle(Object(Symfony\\Component\\Console\\Input\\ArgvInput), Object(Symfony\\Component\\Console\\Output\\ConsoleOutput))
#32 {main}

[previous exception] [object] (PDOException(code: 42S01): SQLSTATE[42S01]: Base table or view already exists: 1050 Table 'personal_access_tokens' already exists at C:\\xampp\\htdocs\\apply like facebook\\active ecommer\\vendor\\laravel\\framework\\src\\Illuminate\\Database\\Connection.php:587)
[stacktrace]
#0 C:\\xampp\\htdocs\\apply like facebook\\active ecommer\\vendor\\laravel\\framework\\src\\Illuminate\\Database\\Connection.php(587): PDOStatement->execute()
#1 C:\\xampp\\htdocs\\apply like facebook\\active ecommer\\vendor\\laravel\\framework\\src\\Illuminate\\Database\\Connection.php(816): Illuminate\\Database\\Connection->Illuminate\\Database\\{closure}('create table `p...', Array)
#2 C:\\xampp\\htdocs\\apply like facebook\\active ecommer\\vendor\\laravel\\framework\\src\\Illuminate\\Database\\Connection.php(783): Illuminate\\Database\\Connection->runQueryCallback('create table `p...', Array, Object(Closure))
#3 C:\\xampp\\htdocs\\apply like facebook\\active ecommer\\vendor\\laravel\\framework\\src\\Illuminate\\Database\\Connection.php(576): Illuminate\\Database\\Connection->run('create table `p...', Array, Object(Closure))
#4 C:\\xampp\\htdocs\\apply like facebook\\active ecommer\\vendor\\laravel\\framework\\src\\Illuminate\\Database\\Schema\\Blueprint.php(110): Illuminate\\Database\\Connection->statement('create table `p...')
#5 C:\\xampp\\htdocs\\apply like facebook\\active ecommer\\vendor\\laravel\\framework\\src\\Illuminate\\Database\\Schema\\Builder.php(602): Illuminate\\Database\\Schema\\Blueprint->build(Object(Illuminate\\Database\\MySqlConnection), Object(Illuminate\\Database\\Schema\\Grammars\\MySqlGrammar))
#6 C:\\xampp\\htdocs\\apply like facebook\\active ecommer\\vendor\\laravel\\framework\\src\\Illuminate\\Database\\Schema\\Builder.php(456): Illuminate\\Database\\Schema\\Builder->build(Object(Illuminate\\Database\\Schema\\Blueprint))
#7 C:\\xampp\\htdocs\\apply like facebook\\active ecommer\\vendor\\laravel\\framework\\src\\Illuminate\\Support\\Facades\\Facade.php(355): Illuminate\\Database\\Schema\\Builder->create('personal_access...', Object(Closure))
#8 C:\\xampp\\htdocs\\apply like facebook\\active ecommer\\database\\migrations\\2019_12_14_000001_create_personal_access_tokens_table.php(16): Illuminate\\Support\\Facades\\Facade::__callStatic('create', Array)
#9 C:\\xampp\\htdocs\\apply like facebook\\active ecommer\\vendor\\laravel\\framework\\src\\Illuminate\\Database\\Migrations\\Migrator.php(493): CreatePersonalAccessTokensTable->up()
#10 C:\\xampp\\htdocs\\apply like facebook\\active ecommer\\vendor\\laravel\\framework\\src\\Illuminate\\Database\\Migrations\\Migrator.php(410): Illuminate\\Database\\Migrations\\Migrator->runMethod(Object(Illuminate\\Database\\MySqlConnection), Object(CreatePersonalAccessTokensTable), 'up')
#11 C:\\xampp\\htdocs\\apply like facebook\\active ecommer\\vendor\\laravel\\framework\\src\\Illuminate\\Database\\Migrations\\Migrator.php(419): Illuminate\\Database\\Migrations\\Migrator->Illuminate\\Database\\Migrations\\{closure}()
#12 C:\\xampp\\htdocs\\apply like facebook\\active ecommer\\vendor\\laravel\\framework\\src\\Illuminate\\Database\\Migrations\\Migrator.php(216): Illuminate\\Database\\Migrations\\Migrator->runMigration(Object(CreatePersonalAccessTokensTable), 'up')
#13 C:\\xampp\\htdocs\\apply like facebook\\active ecommer\\vendor\\laravel\\framework\\src\\Illuminate\\Console\\View\\Components\\Task.php(37): Illuminate\\Database\\Migrations\\Migrator->Illuminate\\Database\\Migrations\\{closure}()
#14 C:\\xampp\\htdocs\\apply like facebook\\active ecommer\\vendor\\laravel\\framework\\src\\Illuminate\\Database\\Migrations\\Migrator.php(756): Illuminate\\Console\\View\\Components\\Task->render('2019_12_14_0000...', Object(Closure))
#15 C:\\xampp\\htdocs\\apply like facebook\\active ecommer\\vendor\\laravel\\framework\\src\\Illuminate\\Database\\Migrations\\Migrator.php(216): Illuminate\\Database\\Migrations\\Migrator->write('Illuminate\\\\Cons...', '2019_12_14_0000...', Object(Closure))
#16 C:\\xampp\\htdocs\\apply like facebook\\active ecommer\\vendor\\laravel\\framework\\src\\Illuminate\\Database\\Migrations\\Migrator.php(181): Illuminate\\Database\\Migrations\\Migrator->runUp('C:\\\\xampp\\\\htdocs...', 3, false)
#17 C:\\xampp\\htdocs\\apply like facebook\\active ecommer\\vendor\\laravel\\framework\\src\\Illuminate\\Database\\Migrations\\Migrator.php(124): Illuminate\\Database\\Migrations\\Migrator->runPending(Array, Array)
#18 C:\\xampp\\htdocs\\apply like facebook\\active ecommer\\vendor\\laravel\\framework\\src\\Illuminate\\Database\\Console\\Migrations\\MigrateCommand.php(90): Illuminate\\Database\\Migrations\\Migrator->run(Array, Array)
#19 C:\\xampp\\htdocs\\apply like facebook\\active ecommer\\vendor\\laravel\\framework\\src\\Illuminate\\Database\\Migrations\\Migrator.php(633): Illuminate\\Database\\Console\\Migrations\\MigrateCommand->Illuminate\\Database\\Console\\Migrations\\{closure}()
#20 C:\\xampp\\htdocs\\apply like facebook\\active ecommer\\vendor\\laravel\\framework\\src\\Illuminate\\Database\\Console\\Migrations\\MigrateCommand.php(83): Illuminate\\Database\\Migrations\\Migrator->usingConnection(NULL, Object(Closure))
#21 C:\\xampp\\htdocs\\apply like facebook\\active ecommer\\vendor\\laravel\\framework\\src\\Illuminate\\Container\\BoundMethod.php(36): Illuminate\\Database\\Console\\Migrations\\MigrateCommand->handle()
#22 C:\\xampp\\htdocs\\apply like facebook\\active ecommer\\vendor\\laravel\\framework\\src\\Illuminate\\Container\\Util.php(41): Illuminate\\Container\\BoundMethod::Illuminate\\Container\\{closure}()
#23 C:\\xampp\\htdocs\\apply like facebook\\active ecommer\\vendor\\laravel\\framework\\src\\Illuminate\\Container\\BoundMethod.php(93): Illuminate\\Container\\Util::unwrapIfClosure(Object(Closure))
#24 C:\\xampp\\htdocs\\apply like facebook\\active ecommer\\vendor\\laravel\\framework\\src\\Illuminate\\Container\\BoundMethod.php(35): Illuminate\\Container\\BoundMethod::callBoundMethod(Object(Illuminate\\Foundation\\Application), Array, Object(Closure))
#25 C:\\xampp\\htdocs\\apply like facebook\\active ecommer\\vendor\\laravel\\framework\\src\\Illuminate\\Container\\Container.php(662): Illuminate\\Container\\BoundMethod::call(Object(Illuminate\\Foundation\\Application), Array, Array, NULL)
#26 C:\\xampp\\htdocs\\apply like facebook\\active ecommer\\vendor\\laravel\\framework\\src\\Illuminate\\Console\\Command.php(211): Illuminate\\Container\\Container->call(Array)
#27 C:\\xampp\\htdocs\\apply like facebook\\active ecommer\\vendor\\symfony\\console\\Command\\Command.php(326): Illuminate\\Console\\Command->execute(Object(Symfony\\Component\\Console\\Input\\ArgvInput), Object(Illuminate\\Console\\OutputStyle))
#28 C:\\xampp\\htdocs\\apply like facebook\\active ecommer\\vendor\\laravel\\framework\\src\\Illuminate\\Console\\Command.php(180): Symfony\\Component\\Console\\Command\\Command->run(Object(Symfony\\Component\\Console\\Input\\ArgvInput), Object(Illuminate\\Console\\OutputStyle))
#29 C:\\xampp\\htdocs\\apply like facebook\\active ecommer\\vendor\\symfony\\console\\Application.php(1096): Illuminate\\Console\\Command->run(Object(Symfony\\Component\\Console\\Input\\ArgvInput), Object(Symfony\\Component\\Console\\Output\\ConsoleOutput))
#30 C:\\xampp\\htdocs\\apply like facebook\\active ecommer\\vendor\\symfony\\console\\Application.php(324): Symfony\\Component\\Console\\Application->doRunCommand(Object(Illuminate\\Database\\Console\\Migrations\\MigrateCommand), Object(Symfony\\Component\\Console\\Input\\ArgvInput), Object(Symfony\\Component\\Console\\Output\\ConsoleOutput))
#31 C:\\xampp\\htdocs\\apply like facebook\\active ecommer\\vendor\\symfony\\console\\Application.php(175): Symfony\\Component\\Console\\Application->doRun(Object(Symfony\\Component\\Console\\Input\\ArgvInput), Object(Symfony\\Component\\Console\\Output\\ConsoleOutput))
#32 C:\\xampp\\htdocs\\apply like facebook\\active ecommer\\vendor\\laravel\\framework\\src\\Illuminate\\Foundation\\Console\\Kernel.php(201): Symfony\\Component\\Console\\Application->run(Object(Symfony\\Component\\Console\\Input\\ArgvInput), Object(Symfony\\Component\\Console\\Output\\ConsoleOutput))
#33 C:\\xampp\\htdocs\\apply like facebook\\active ecommer\\artisan(35): Illuminate\\Foundation\\Console\\Kernel->handle(Object(Symfony\\Component\\Console\\Input\\ArgvInput), Object(Symfony\\Component\\Console\\Output\\ConsoleOutput))
#34 {main}
"} 
[2026-07-22 15:58:49] local.ERROR: No connection could be made because the target machine actively refused it [tcp://127.0.0.1:6379] {"userId":9,"exception":"[object] (Predis\\Connection\\ConnectionException(code: 10061): No connection could be made because the target machine actively refused it [tcp://127.0.0.1:6379] at C:\\xampp\\htdocs\\apply like facebook\\active ecommer\\vendor\\predis\\predis\\src\\Connection\\AbstractConnection.php:144)
[stacktrace]
#0 C:\\xampp\\htdocs\\apply like facebook\\active ecommer\\vendor\\predis\\predis\\src\\Connection\\StreamConnection.php(109): Predis\\Connection\\AbstractConnection->onConnectionError('No connection c...', 10061)
#1 C:\\xampp\\htdocs\\apply like facebook\\active ecommer\\vendor\\predis\\predis\\src\\Connection\\StreamConnection.php(154): Predis\\Connection\\StreamConnection->createStreamSocket(Object(Predis\\Connection\\Parameters), 'tcp://127.0.0.1...', 4)
#2 C:\\xampp\\htdocs\\apply like facebook\\active ecommer\\vendor\\predis\\predis\\src\\Connection\\StreamConnection.php(80): Predis\\Connection\\StreamConnection->tcpStreamInitializer(Object(Predis\\Connection\\Parameters))
#3 C:\\xampp\\htdocs\\apply like facebook\\active ecommer\\vendor\\predis\\predis\\src\\Connection\\AbstractConnection.php(85): Predis\\Connection\\StreamConnection->createResource()
#4 C:\\xampp\\htdocs\\apply like facebook\\active ecommer\\vendor\\predis\\predis\\src\\Connection\\StreamConnection.php(230): Predis\\Connection\\AbstractConnection->connect()
#5 C:\\xampp\\htdocs\\apply like facebook\\active ecommer\\vendor\\predis\\predis\\src\\Connection\\AbstractConnection.php(169): Predis\\Connection\\StreamConnection->connect()
#6 C:\\xampp\\htdocs\\apply like facebook\\active ecommer\\vendor\\predis\\predis\\src\\Connection\\StreamConnection.php(265): Predis\\Connection\\AbstractConnection->getResource()
#7 C:\\xampp\\htdocs\\apply like facebook\\active ecommer\\vendor\\predis\\predis\\src\\Connection\\StreamConnection.php(372): Predis\\Connection\\StreamConnection->write('*2\\r\\n$3\\r\\nGET\\r\\n$4...')
#8 C:\\xampp\\htdocs\\apply like facebook\\active ecommer\\vendor\\predis\\predis\\src\\Connection\\AbstractConnection.php(122): Predis\\Connection\\StreamConnection->writeRequest(Object(Predis\\Command\\Redis\\GET))
#9 C:\\xampp\\htdocs\\apply like facebook\\active ecommer\\vendor\\predis\\predis\\src\\Client.php(381): Predis\\Connection\\AbstractConnection->executeCommand(Object(Predis\\Command\\Redis\\GET))
#10 C:\\xampp\\htdocs\\apply like facebook\\active ecommer\\vendor\\predis\\predis\\src\\Client.php(335): Predis\\Client->executeCommand(Object(Predis\\Command\\Redis\\GET))
#11 C:\\xampp\\htdocs\\apply like facebook\\active ecommer\\vendor\\laravel\\framework\\src\\Illuminate\\Redis\\Connections\\Connection.php(116): Predis\\Client->__call('get', Array)
#12 C:\\xampp\\htdocs\\apply like facebook\\active ecommer\\vendor\\laravel\\framework\\src\\Illuminate\\Redis\\Connections\\Connection.php(229): Illuminate\\Redis\\Connections\\Connection->command('get', Array)
#13 C:\\xampp\\htdocs\\apply like facebook\\active ecommer\\vendor\\laravel\\framework\\src\\Illuminate\\Cache\\RedisStore.php(65): Illuminate\\Redis\\Connections\\Connection->__call('get', Array)
#14 C:\\xampp\\htdocs\\apply like facebook\\active ecommer\\vendor\\laravel\\framework\\src\\Illuminate\\Cache\\Repository.php(98): Illuminate\\Cache\\RedisStore->get('featured_catego...')
#15 C:\\xampp\\htdocs\\apply like facebook\\active ecommer\\vendor\\laravel\\framework\\src\\Illuminate\\Cache\\Repository.php(428): Illuminate\\Cache\\Repository->get('featured_catego...')
#16 C:\\xampp\\htdocs\\apply like facebook\\active ecommer\\vendor\\laravel\\framework\\src\\Illuminate\\Cache\\CacheManager.php(429): Illuminate\\Cache\\Repository->rememberForever('featured_catego...', Object(Closure))
#17 C:\\xampp\\htdocs\\apply like facebook\\active ecommer\\vendor\\laravel\\framework\\src\\Illuminate\\Support\\Facades\\Facade.php(355): Illuminate\\Cache\\CacheManager->__call('rememberForever', Array)
#18 C:\\xampp\\htdocs\\apply like facebook\\active ecommer\\app\\Http\\Controllers\\HomeController.php(56): Illuminate\\Support\\Facades\\Facade::__callStatic('rememberForever', Array)
#19 C:\\xampp\\htdocs\\apply like facebook\\active ecommer\\vendor\\laravel\\framework\\src\\Illuminate\\Routing\\Controller.php(54): App\\Http\\Controllers\\HomeController->index()
#20 C:\\xampp\\htdocs\\apply like facebook\\active ecommer\\vendor\\laravel\\framework\\src\\Illuminate\\Routing\\ControllerDispatcher.php(43): Illuminate\\Routing\\Controller->callAction('index', Array)
#21 C:\\xampp\\htdocs\\apply like facebook\\active ecommer\\vendor\\laravel\\framework\\src\\Illuminate\\Routing\\Route.php(259): Illuminate\\Routing\\ControllerDispatcher->dispatch(Object(Illuminate\\Routing\\Route), Object(App\\Http\\Controllers\\HomeController), 'index')
#22 C:\\xampp\\htdocs\\apply like facebook\\active ecommer\\vendor\\laravel\\framework\\src\\Illuminate\\Routing\\Route.php(205): Illuminate\\Routing\\Route->runController()
#23 C:\\xampp\\htdocs\\apply like facebook\\active ecommer\\vendor\\laravel\\framework\\src\\Illuminate\\Routing\\Router.php(806): Illuminate\\Routing\\Route->run()
#24 C:\\xampp\\htdocs\\apply like facebook\\active ecommer\\vendor\\laravel\\framework\\src\\Illuminate\\Pipeline\\Pipeline.php(144): Illuminate\\Routing\\Router->Illuminate\\Routing\\{closure}(Object(Illuminate\\Http\\Request))
#25 C:\\xampp\\htdocs\\apply like facebook\\active ecommer\\app\\Http\\Middleware\\CheckForMaintenanceMode.php(64): Illuminate\\Pipeline\\Pipeline->Illuminate\\Pipeline\\{closure}(Object(Illuminate\\Http\\Request))
#26 C:\\xampp\\htdocs\\apply like facebook\\active ecommer\\vendor\\laravel\\framework\\src\\Illuminate\\Pipeline\\Pipeline.php(183): App\\Http\\Middleware\\CheckForMaintenanceMode->handle(Object(Illuminate\\Http\\Request), Object(Closure))
#27 C:\\xampp\\htdocs\\apply like facebook\\active ecommer\\app\\Http\\Middleware\\HttpsProtocol.php(20): Illuminate\\Pipeline\\Pipeline->Illuminate\\Pipeline\\{closure}(Object(Illuminate\\Http\\Request))
#28 C:\\xampp\\htdocs\\apply like facebook\\active ecommer\\vendor\\laravel\\framework\\src\\Illuminate\\Pipeline\\Pipeline.php(183): App\\Http\\Middleware\\HttpsProtocol->handle(Object(Illuminate\\Http\\Request), Object(Closure))
#29 C:\\xampp\\htdocs\\apply like facebook\\active ecommer\\app\\Http\\Middleware\\Language.php(35): Illuminate\\Pipeline\\Pipeline->Illuminate\\Pipeline\\{closure}(Object(Illuminate\\Http\\Request))
#30 C:\\xampp\\htdocs\\apply like facebook\\active ecommer\\vendor\\laravel\\framework\\src\\Illuminate\\Pipeline\\Pipeline.php(183): App\\Http\\Middleware\\Language->handle(Object(Illuminate\\Http\\Request), Object(Closure))
#31 C:\\xampp\\htdocs\\apply like facebook\\active ecommer\\vendor\\laravel\\framework\\src\\Illuminate\\Routing\\Middleware\\SubstituteBindings.php(50): Illuminate\\Pipeline\\Pipeline->Illuminate\\Pipeline\\{closure}(Object(Illuminate\\Http\\Request))
#32 C:\\xampp\\htdocs\\apply like facebook\\active ecommer\\vendor\\laravel\\framework\\src\\Illuminate\\Pipeline\\Pipeline.php(183): Illuminate\\Routing\\Middleware\\SubstituteBindings->handle(Object(Illuminate\\Http\\Request), Object(Closure))
#33 C:\\xampp\\htdocs\\apply like facebook\\active ecommer\\vendor\\laravel\\framework\\src\\Illuminate\\Foundation\\Http\\Middleware\\VerifyCsrfToken.php(78): Illuminate\\Pipeline\\Pipeline->Illuminate\\Pipeline\\{closure}(Object(Illuminate\\Http\\Request))
#34 C:\\xampp\\htdocs\\apply like facebook\\active ecommer\\vendor\\laravel\\framework\\src\\Illuminate\\Pipeline\\Pipeline.php(183): Illuminate\\Foundation\\Http\\Middleware\\VerifyCsrfToken->handle(Object(Illuminate\\Http\\Request), Object(Closure))
#35 C:\\xampp\\htdocs\\apply like facebook\\active ecommer\\vendor\\laravel\\framework\\src\\Illuminate\\Cookie\\Middleware\\AddQueuedCookiesToResponse.php(37): Illuminate\\Pipeline\\Pipeline->Illuminate\\Pipeline\\{closure}(Object(Illuminate\\Http\\Request))
#36 C:\\xampp\\htdocs\\apply like facebook\\active ecommer\\vendor\\laravel\\framework\\src\\Illuminate\\Pipeline\\Pipeline.php(183): Illuminate\\Cookie\\Middleware\\AddQueuedCookiesToResponse->handle(Object(Illuminate\\Http\\Request), Object(Closure))
#37 C:\\xampp\\htdocs\\apply like facebook\\active ecommer\\vendor\\laravel\\framework\\src\\Illuminate\\Pipeline\\Pipeline.php(119): Illuminate\\Pipeline\\Pipeline->Illuminate\\Pipeline\\{closure}(Object(Illuminate\\Http\\Request))
#38 C:\\xampp\\htdocs\\apply like facebook\\active ecommer\\vendor\\laravel\\framework\\src\\Illuminate\\Routing\\Router.php(805): Illuminate\\Pipeline\\Pipeline->then(Object(Closure))
#39 C:\\xampp\\htdocs\\apply like facebook\\active ecommer\\vendor\\laravel\\framework\\src\\Illuminate\\Routing\\Router.php(784): Illuminate\\Routing\\Router->runRouteWithinStack(Object(Illuminate\\Routing\\Route), Object(Illuminate\\Http\\Request))
#40 C:\\xampp\\htdocs\\apply like facebook\\active ecommer\\vendor\\laravel\\framework\\src\\Illuminate\\Routing\\Router.php(748): Illuminate\\Routing\\Router->runRoute(Object(Illuminate\\Http\\Request), Object(Illuminate\\Routing\\Route))
#41 C:\\xampp\\htdocs\\apply like facebook\\active ecommer\\vendor\\laravel\\framework\\src\\Illuminate\\Routing\\Router.php(737): Illuminate\\Routing\\Router->dispatchToRoute(Object(Illuminate\\Http\\Request))
#42 C:\\xampp\\htdocs\\apply like facebook\\active ecommer\\vendor\\laravel\\framework\\src\\Illuminate\\Foundation\\Http\\Kernel.php(200): Illuminate\\Routing\\Router->dispatch(Object(Illuminate\\Http\\Request))
#43 C:\\xampp\\htdocs\\apply like facebook\\active ecommer\\vendor\\laravel\\framework\\src\\Illuminate\\Pipeline\\Pipeline.php(144): Illuminate\\Foundation\\Http\\Kernel->Illuminate\\Foundation\\Http\\{closure}(Object(Illuminate\\Http\\Request))
#44 C:\\xampp\\htdocs\\apply like facebook\\active ecommer\\vendor\\barryvdh\\laravel-debugbar\\src\\Middleware\\InjectDebugbar.php(66): Illuminate\\Pipeline\\Pipeline->Illuminate\\Pipeline\\{closure}(Object(Illuminate\\Http\\Request))
#45 C:\\xampp\\htdocs\\apply like facebook\\active ecommer\\vendor\\laravel\\framework\\src\\Illuminate\\Pipeline\\Pipeline.php(183): Barryvdh\\Debugbar\\Middleware\\InjectDebugbar->handle(Object(Illuminate\\Http\\Request), Object(Closure))
#46 C:\\xampp\\htdocs\\apply like facebook\\active ecommer\\vendor\\laravel\\framework\\src\\Illuminate\\View\\Middleware\\ShareErrorsFromSession.php(49): Illuminate\\Pipeline\\Pipeline->Illuminate\\Pipeline\\{closure}(Object(Illuminate\\Http\\Request))
#47 C:\\xampp\\htdocs\\apply like facebook\\active ecommer\\vendor\\laravel\\framework\\src\\Illuminate\\Pipeline\\Pipeline.php(183): Illuminate\\View\\Middleware\\ShareErrorsFromSession->handle(Object(Illuminate\\Http\\Request), Object(Closure))
#48 C:\\xampp\\htdocs\\apply like facebook\\active ecommer\\vendor\\laravel\\framework\\src\\Illuminate\\Session\\Middleware\\StartSession.php(121): Illuminate\\Pipeline\\Pipeline->Illuminate\\Pipeline\\{closure}(Object(Illuminate\\Http\\Request))
#49 C:\\xampp\\htdocs\\apply like facebook\\active ecommer\\vendor\\laravel\\framework\\src\\Illuminate\\Session\\Middleware\\StartSession.php(64): Illuminate\\Session\\Middleware\\StartSession->handleStatefulRequest(Object(Illuminate\\Http\\Request), Object(Illuminate\\Session\\Store), Object(Closure))
#50 C:\\xampp\\htdocs\\apply like facebook\\active ecommer\\vendor\\laravel\\framework\\src\\Illuminate\\Pipeline\\Pipeline.php(183): Illuminate\\Session\\Middleware\\StartSession->handle(Object(Illuminate\\Http\\Request), Object(Closure))
#51 C:\\xampp\\htdocs\\apply like facebook\\active ecommer\\vendor\\laravel\\framework\\src\\Illuminate\\Http\\Middleware\\TrustProxies.php(39): Illuminate\\Pipeline\\Pipeline->Illuminate\\Pipeline\\{closure}(Object(Illuminate\\Http\\Request))
#52 C:\\xampp\\htdocs\\apply like facebook\\active ecommer\\vendor\\laravel\\framework\\src\\Illuminate\\Pipeline\\Pipeline.php(183): Illuminate\\Http\\Middleware\\TrustProxies->handle(Object(Illuminate\\Http\\Request), Object(Closure))
#53 C:\\xampp\\htdocs\\apply like facebook\\active ecommer\\vendor\\laravel\\framework\\src\\Illuminate\\Foundation\\Http\\Middleware\\TransformsRequest.php(21): Illuminate\\Pipeline\\Pipeline->Illuminate\\Pipeline\\{closure}(Object(Illuminate\\Http\\Request))
#54 C:\\xampp\\htdocs\\apply like facebook\\active ecommer\\vendor\\laravel\\framework\\src\\Illuminate\\Foundation\\Http\\Middleware\\ConvertEmptyStringsToNull.php(31): Illuminate\\Foundation\\Http\\Middleware\\TransformsRequest->handle(Object(Illuminate\\Http\\Request), Object(Closure))
#55 C:\\xampp\\htdocs\\apply like facebook\\active ecommer\\vendor\\laravel\\framework\\src\\Illuminate\\Pipeline\\Pipeline.php(183): Illuminate\\Foundation\\Http\\Middleware\\ConvertEmptyStringsToNull->handle(Object(Illuminate\\Http\\Request), Object(Closure))
#56 C:\\xampp\\htdocs\\apply like facebook\\active ecommer\\vendor\\laravel\\framework\\src\\Illuminate\\Foundation\\Http\\Middleware\\TransformsRequest.php(21): Illuminate\\Pipeline\\Pipeline->Illuminate\\Pipeline\\{closure}(Object(Illuminate\\Http\\Request))
#57 C:\\xampp\\htdocs\\apply like facebook\\active ecommer\\vendor\\laravel\\framework\\src\\Illuminate\\Foundation\\Http\\Middleware\\TrimStrings.php(40): Illuminate\\Foundation\\Http\\Middleware\\TransformsRequest->handle(Object(Illuminate\\Http\\Request), Object(Closure))
#58 C:\\xampp\\htdocs\\apply like facebook\\active ecommer\\vendor\\laravel\\framework\\src\\Illuminate\\Pipeline\\Pipeline.php(183): Illuminate\\Foundation\\Http\\Middleware\\TrimStrings->handle(Object(Illuminate\\Http\\Request), Object(Closure))
#59 C:\\xampp\\htdocs\\apply like facebook\\active ecommer\\vendor\\laravel\\framework\\src\\Illuminate\\Foundation\\Http\\Middleware\\ValidatePostSize.php(27): Illuminate\\Pipeline\\Pipeline->Illuminate\\Pipeline\\{closure}(Object(Illuminate\\Http\\Request))
#60 C:\\xampp\\htdocs\\apply like facebook\\active ecommer\\vendor\\laravel\\framework\\src\\Illuminate\\Pipeline\\Pipeline.php(183): Illuminate\\Foundation\\Http\\Middleware\\ValidatePostSize->handle(Object(Illuminate\\Http\\Request), Object(Closure))
#61 C:\\xampp\\htdocs\\apply like facebook\\active ecommer\\vendor\\laravel\\framework\\src\\Illuminate\\Pipeline\\Pipeline.php(119): Illuminate\\Pipeline\\Pipeline->Illuminate\\Pipeline\\{closure}(Object(Illuminate\\Http\\Request))
#62 C:\\xampp\\htdocs\\apply like facebook\\active ecommer\\vendor\\laravel\\framework\\src\\Illuminate\\Foundation\\Http\\Kernel.php(175): Illuminate\\Pipeline\\Pipeline->then(Object(Closure))
#63 C:\\xampp\\htdocs\\apply like facebook\\active ecommer\\vendor\\laravel\\framework\\src\\Illuminate\\Foundation\\Http\\Kernel.php(144): Illuminate\\Foundation\\Http\\Kernel->sendRequestThroughRouter(Object(Illuminate\\Http\\Request))
#64 C:\\xampp\\htdocs\\apply like facebook\\active ecommer\\public\\index.php(56): Illuminate\\Foundation\\Http\\Kernel->handle(Object(Illuminate\\Http\\Request))
#65 C:\\xampp\\htdocs\\apply like facebook\\active ecommer\\server.php(21): require_once('C:\\\\xampp\\\\htdocs...')
#66 {main}
"} 
[2026-07-22 15:58:54] local.ERROR: No connection could be made because the target machine actively refused it [tcp://127.0.0.1:6379] {"view":{"view":"C:\\xampp\\htdocs\\apply like facebook\\active ecommer\\resources\\views\\errors\\404.blade.php","data":{"errors":"<pre class=sf-dump id=sf-dump-326409793 data-indent-pad=\"  \"><span class=sf-dump-note>Illuminate\\Support\\ViewErrorBag</span> {<a class=sf-dump-ref>#3413</a><samp data-depth=1 class=sf-dump-expanded>
  #<span class=sf-dump-protected title=\"Protected property\">bags</span>: []
</samp>}
</pre><script>Sfdump(\"sf-dump-326409793\", {\"maxDepth\":3,\"maxStringLength\":160})</script>
","exception":"<pre class=sf-dump id=sf-dump-1303893754 data-indent-pad=\"  \"><span class=sf-dump-note>Symfony\\Component\\HttpKernel\\Exception\\NotFoundHttpException</span> {<a class=sf-dump-ref>#3425</a><samp data-depth=1 class=sf-dump-expanded>
  #<span class=sf-dump-protected title=\"Protected property\">message</span>: \"<span class=sf-dump-str title=\"78 characters\">The route .well-known/appspecific/com.chrome.devtools.json could not be found.</span>\"
  #<span class=sf-dump-protected title=\"Protected property\">code</span>: <span class=sf-dump-num>0</span>
  #<span class=sf-dump-protected title=\"Protected property\">file</span>: \"<span class=sf-dump-str title=\"C:\\xampp\\htdocs\\apply like facebook\\active ecommer\\vendor\\laravel\\framework\\src\\Illuminate\\Routing\\AbstractRouteCollection.php
126 characters\"><span class=\"sf-dump-ellipsis sf-dump-ellipsis-path\">C:\\xampp\\htdocs\\apply like facebook\\active ecommer\\vendor</span><span class=\"sf-dump-ellipsis sf-dump-ellipsis-path\">\\laravel\\framework\\</span>src\\Illuminate\\Routing\\AbstractRouteCollection.php</span>\"
  #<span class=sf-dump-protected title=\"Protected property\">line</span>: <span class=sf-dump-num>44</span>
  -<span class=sf-dump-private title=\"Private property defined in class:&#10;`Symfony\\Component\\HttpKernel\\Exception\\HttpException`\">statusCode</span>: <span class=sf-dump-num>404</span>
  -<span class=sf-dump-private title=\"Private property defined in class:&#10;`Symfony\\Component\\HttpKernel\\Exception\\HttpException`\">headers</span>: []
  <span class=sf-dump-meta>trace</span>: {<samp data-depth=2 class=sf-dump-compact>
    <span class=sf-dump-meta title=\"C:\\xampp\\htdocs\\apply like facebook\\active ecommer\\vendor\\laravel\\framework\\src\\Illuminate\\Routing\\AbstractRouteCollection.php:44
Stack level 29.\"><span class=\"sf-dump-ellipsis sf-dump-ellipsis-path\">C:\\xampp\\htdocs\\apply like facebook\\active ecommer\\vendor</span><span class=\"sf-dump-ellipsis sf-dump-ellipsis-path\">\\laravel\\framework\\</span>src\\Illuminate\\Routing\\AbstractRouteCollection.php:44</span> {<samp data-depth=3 class=sf-dump-compact>
      <span class=sf-dump-note title=\"Illuminate\\Routing\\AbstractRouteCollection-&gt;handleMatchedRoute(Request $request, $route)
\"><span class=\"sf-dump-ellipsis sf-dump-ellipsis-note\">Illuminate\\Routing</span><span class=\"sf-dump-ellipsis sf-dump-ellipsis-note\">\\</span>AbstractRouteCollection-&gt;handleMatchedRoute(Request $request, $route)</span> &#8230;
      &#8250; 
      &#8250; <code class=\"php\"><span class=sf-dump-const title=\"in Illuminate\\Routing\\AbstractRouteCollection-&gt;handleMatchedRoute(Request $request, $route)\">throw new NotFoundHttpException(sprintf(</span></code>
      &#8250; <code class=\"php\"><span class=sf-dump-default>    &#039;The route %s could not be found.&#039;,</span></code>
    </samp>}
    <span class=sf-dump-meta title=\"C:\\xampp\\htdocs\\apply like facebook\\active ecommer\\vendor\\laravel\\framework\\src\\Illuminate\\Routing\\RouteCollection.php:162
Stack level 28.\"><span class=\"sf-dump-ellipsis sf-dump-ellipsis-path\">C:\\xampp\\htdocs\\apply like facebook\\active ecommer\\vendor</span><span class=\"sf-dump-ellipsis sf-dump-ellipsis-path\">\\laravel\\framework\\</span>src\\Illuminate\\Routing\\RouteCollection.php:162</span> {<samp data-depth=3 class=sf-dump-compact>
      <span class=sf-dump-note title=\"Illuminate\\Routing\\RouteCollection-&gt;match(Request $request)
\"><span class=\"sf-dump-ellipsis sf-dump-ellipsis-note\">Illuminate\\Routing</span><span class=\"sf-dump-ellipsis sf-dump-ellipsis-note\">\\</span>RouteCollection-&gt;match(Request $request)</span> &#8230;
      &#8250; 
      &#8250; <code class=\"php\"><span class=sf-dump-const title=\"in Illuminate\\Routing\\RouteCollection-&gt;match(Request $request)\">    return $this-&gt;handleMatchedRoute($request, $route);</span></code>
      &#8250; <code class=\"php\"><span class=sf-dump-default>}</span></code>
      <span class=sf-dump-meta>arguments</span>: { &#8230;2}
    </samp>}
    <span class=sf-dump-meta title=\"C:\\xampp\\htdocs\\apply like facebook\\active ecommer\\vendor\\laravel\\framework\\src\\Illuminate\\Routing\\Router.php:761
Stack level 27.\"><span class=\"sf-dump-ellipsis sf-dump-ellipsis-path\">C:\\xampp\\htdocs\\apply like facebook\\active ecommer\\vendor</span><span class=\"sf-dump-ellipsis sf-dump-ellipsis-path\">\\laravel\\framework\\</span>src\\Illuminate\\Routing\\Router.php:761</span> {<samp data-depth=3 class=sf-dump-compact>
      <span class=sf-dump-note title=\"Illuminate\\Routing\\Router-&gt;findRoute($request)
\"><span class=\"sf-dump-ellipsis sf-dump-ellipsis-note\">Illuminate\\Routing</span><span class=\"sf-dump-ellipsis sf-dump-ellipsis-note\">\\</span>Router-&gt;findRoute($request)</span> &#8230;
      &#8250; 
      &#8250; <code class=\"php\"><span class=sf-dump-const title=\"in Illuminate\\Routing\\Router-&gt;findRoute($request)\">$this-&gt;current = $route = $this-&gt;routes-&gt;match($request);</span></code>
      &#8250; 
      <span class=sf-dump-meta>arguments</span>: { &#8230;1}
    </samp>}
    <span class=sf-dump-meta title=\"C:\\xampp\\htdocs\\apply like facebook\\active ecommer\\vendor\\laravel\\framework\\src\\Illuminate\\Routing\\Router.php:748
Stack level 26.\"><span class=\"sf-dump-ellipsis sf-dump-ellipsis-path\">C:\\xampp\\htdocs\\apply like facebook\\active ecommer\\vendor</span><span class=\"sf-dump-ellipsis sf-dump-ellipsis-path\">\\laravel\\framework\\</span>src\\Illuminate\\Routing\\Router.php:748</span> {<samp data-depth=3 class=sf-dump-compact>
      <span class=sf-dump-note title=\"Illuminate\\Routing\\Router-&gt;dispatchToRoute(Request $request)
\"><span class=\"sf-dump-ellipsis sf-dump-ellipsis-note\">Illuminate\\Routing</span><span class=\"sf-dump-ellipsis sf-dump-ellipsis-note\">\\</span>Router-&gt;dispatchToRoute(Request $request)</span> &#8230;
      &#8250; <code class=\"php\"><span class=sf-dump-default>{</span></code>
      &#8250; <code class=\"php\"><span class=sf-dump-const title=\"in Illuminate\\Routing\\Router-&gt;dispatchToRoute(Request $request)\">    return $this-&gt;runRoute($request, $this-&gt;findRoute($request));</span></code>
      &#8250; <code class=\"php\"><span class=sf-dump-default>}</span></code>
      <span class=sf-dump-meta>arguments</span>: { &#8230;1}
    </samp>}
    <span class=sf-dump-meta title=\"C:\\xampp\\htdocs\\apply like facebook\\active ecommer\\vendor\\laravel\\framework\\src\\Illuminate\\Routing\\Router.php:737
Stack level 25.\"><span class=\"sf-dump-ellipsis sf-dump-ellipsis-path\">C:\\xampp\\htdocs\\apply like facebook\\active ecommer\\vendor</span><span class=\"sf-dump-ellipsis sf-dump-ellipsis-path\">\\laravel\\framework\\</span>src\\Illuminate\\Routing\\Router.php:737</span> {<samp data-depth=3 class=sf-dump-compact>
      <span class=sf-dump-note title=\"Illuminate\\Routing\\Router-&gt;dispatch(Request $request)
\"><span class=\"sf-dump-ellipsis sf-dump-ellipsis-note\">Illuminate\\Routing</span><span class=\"sf-dump-ellipsis sf-dump-ellipsis-note\">\\</span>Router-&gt;dispatch(Request $request)</span> &#8230;
      &#8250; 
      &#8250; <code class=\"php\"><span class=sf-dump-const title=\"in Illuminate\\Routing\\Router-&gt;dispatch(Request $request)\">    return $this-&gt;dispatchToRoute($request);</span></code>
      &#8250; <code class=\"php\"><span class=sf-dump-default>}</span></code>
      <span class=sf-dump-meta>arguments</span>: { &#8230;1}
    </samp>}
    <span class=sf-dump-meta title=\"C:\\xampp\\htdocs\\apply like facebook\\active ecommer\\vendor\\laravel\\framework\\src\\Illuminate\\Foundation\\Http\\Kernel.php:200
Stack level 24.\"><span class=\"sf-dump-ellipsis sf-dump-ellipsis-path\">C:\\xampp\\htdocs\\apply like facebook\\active ecommer\\vendor</span><span class=\"sf-dump-ellipsis sf-dump-ellipsis-path\">\\laravel\\framework\\</span>src\\Illuminate\\Foundation\\Http\\Kernel.php:200</span> {<samp data-depth=3 class=sf-dump-compact>
      <span class=sf-dump-note title=\"Illuminate\\Foundation\\Http\\Kernel-&gt;Illuminate\\Foundation\\Http\\{closure}
\"><span class=\"sf-dump-ellipsis sf-dump-ellipsis-note\">Illuminate\\Foundation\\Http\\Kernel-&gt;Illuminate\\Foundation\\Http</span><span class=\"sf-dump-ellipsis sf-dump-ellipsis-note\">\\</span>{closure}</span> &#8230;
      &#8250; 
      &#8250; <code class=\"php\"><span class=sf-dump-const title=\"in Illuminate\\Foundation\\Http\\Kernel-&gt;Illuminate\\Foundation\\Http\\{closure}\">    return $this-&gt;router-&gt;dispatch($request);</span></code>
      &#8250; <code class=\"php\"><span class=sf-dump-default>};</span></code>
      <span class=sf-dump-meta>arguments</span>: { &#8230;1}
    </samp>}
    <span class=sf-dump-meta title=\"C:\\xampp\\htdocs\\apply like facebook\\active ecommer\\vendor\\laravel\\framework\\src\\Illuminate\\Pipeline\\Pipeline.php:144
Stack level 23.\"><span class=\"sf-dump-ellipsis sf-dump-ellipsis-path\">C:\\xampp\\htdocs\\apply like facebook\\active ecommer\\vendor</span><span class=\"sf-dump-ellipsis sf-dump-ellipsis-path\">\\laravel\\framework\\</span>src\\Illuminate\\Pipeline\\Pipeline.php:144</span> {<samp data-depth=3 class=sf-dump-compact>
      <span class=sf-dump-note title=\"Illuminate\\Pipeline\\Pipeline-&gt;Illuminate\\Pipeline\\{closure}
\"><span class=\"sf-dump-ellipsis sf-dump-ellipsis-note\">Illuminate\\Pipeline\\Pipeline-&gt;Illuminate\\Pipeline</span><span class=\"sf-dump-ellipsis sf-dump-ellipsis-note\">\\</span>{closure}</span> &#8230;
      &#8250; <code class=\"php\"><span class=sf-dump-default>try {</span></code>
      &#8250; <code class=\"php\"><span class=sf-dump-const title=\"in Illuminate\\Pipeline\\Pipeline-&gt;Illuminate\\Pipeline\\{closure}\">    return $destination($passable);</span></code>
      &#8250; <code class=\"php\"><span class=sf-dump-default>} catch (Throwable $e) {</span></code>
      <span class=sf-dump-meta>arguments</span>: { &#8230;1}
    </samp>}
    <span class=sf-dump-meta title=\"C:\\xampp\\htdocs\\apply like facebook\\active ecommer\\vendor\\barryvdh\\laravel-debugbar\\src\\Middleware\\InjectDebugbar.php:66
Stack level 22.\"><span class=\"sf-dump-ellipsis sf-dump-ellipsis-path\">C:\\xampp\\htdocs\\apply like facebook\\active ecommer\\vendor</span><span class=\"sf-dump-ellipsis sf-dump-ellipsis-path\">\\barryvdh\\laravel-debugbar\\</span>src\\Middleware\\InjectDebugbar.php:66</span> {<samp data-depth=3 class=sf-dump-compact>
      <span class=sf-dump-note title=\"Barryvdh\\Debugbar\\Middleware\\InjectDebugbar-&gt;handle($request, Closure $next)
\"><span class=\"sf-dump-ellipsis sf-dump-ellipsis-note\">Barryvdh\\Debugbar\\Middleware</span><span class=\"sf-dump-ellipsis sf-dump-ellipsis-note\">\\</span>InjectDebugbar-&gt;handle($request, Closure $next)</span> &#8230;
      &#8250; <code class=\"php\"><span class=sf-dump-default>    /** @var \\Illuminate\\Http\\Response $response */</span></code>
      &#8250; <code class=\"php\"><span class=sf-dump-const title=\"in Barryvdh\\Debugbar\\Middleware\\InjectDebugbar-&gt;handle($request, Closure $next)\">    $response = $next($request);</span></code>
      &#8250; <code class=\"php\"><span class=sf-dump-default>} catch (Throwable $e) {</span></code>
      <span class=sf-dump-meta>arguments</span>: { &#8230;1}
    </samp>}
    <span class=sf-dump-meta title=\"C:\\xampp\\htdocs\\apply like facebook\\active ecommer\\vendor\\laravel\\framework\\src\\Illuminate\\Pipeline\\Pipeline.php:183
Stack level 21.\"><span class=\"sf-dump-ellipsis sf-dump-ellipsis-path\">C:\\xampp\\htdocs\\apply like facebook\\active ecommer\\vendor</span><span class=\"sf-dump-ellipsis sf-dump-ellipsis-path\">\\laravel\\framework\\</span>src\\Illuminate\\Pipeline\\Pipeline.php:183</span> {<samp data-depth=3 class=sf-dump-compact>
      <span class=sf-dump-note title=\"Illuminate\\Pipeline\\Pipeline-&gt;Illuminate\\Pipeline\\{closure}
\"><span class=\"sf-dump-ellipsis sf-dump-ellipsis-note\">Illuminate\\Pipeline\\Pipeline-&gt;Illuminate\\Pipeline</span><span class=\"sf-dump-ellipsis sf-dump-ellipsis-note\">\\</span>{closure}</span> &#8230;
      &#8250; <code class=\"php\"><span class=sf-dump-default>$carry = method_exists($pipe, $this-&gt;method)</span></code>
      &#8250; <code class=\"php\"><span class=sf-dump-const title=\"in Illuminate\\Pipeline\\Pipeline-&gt;Illuminate\\Pipeline\\{closure}\">                ? $pipe-&gt;{$this-&gt;method}(...$parameters)</span></code>
      &#8250; <code class=\"php\"><span class=sf-dump-default>                : $pipe(...$parameters);</span></code>
      <span class=sf-dump-meta>arguments</span>: { &#8230;2}
    </samp>}
    <span class=sf-dump-meta title=\"C:\\xampp\\htdocs\\apply like facebook\\active ecommer\\vendor\\laravel\\framework\\src\\Illuminate\\View\\Middleware\\ShareErrorsFromSession.php:49
Stack level 20.\"><span class=\"sf-dump-ellipsis sf-dump-ellipsis-path\">C:\\xampp\\htdocs\\apply like facebook\\active ecommer\\vendor</span><span class=\"sf-dump-ellipsis sf-dump-ellipsis-path\">\\laravel\\framework\\</span>src\\Illuminate\\View\\Middleware\\ShareErrorsFromSession.php:49</span> {<samp data-depth=3 class=sf-dump-compact>
      <span class=sf-dump-note title=\"Illuminate\\View\\Middleware\\ShareErrorsFromSession-&gt;handle($request, Closure $next)
\"><span class=\"sf-dump-ellipsis sf-dump-ellipsis-note\">Illuminate\\View\\Middleware</span><span class=\"sf-dump-ellipsis sf-dump-ellipsis-note\">\\</span>ShareErrorsFromSession-&gt;handle($request, Closure $next)</span> &#8230;
      &#8250; 
      &#8250; <code class=\"php\"><span class=sf-dump-const title=\"in Illuminate\\View\\Middleware\\ShareErrorsFromSession-&gt;handle($request, Closure $next)\">    return $next($request);</span></code>
      &#8250; <code class=\"php\"><span class=sf-dump-default>}</span></code>
      <span class=sf-dump-meta>arguments</span>: { &#8230;1}
    </samp>}
    <span class=sf-dump-meta title=\"C:\\xampp\\htdocs\\apply like facebook\\active ecommer\\vendor\\laravel\\framework\\src\\Illuminate\\Pipeline\\Pipeline.php:183
Stack level 19.\"><span class=\"sf-dump-ellipsis sf-dump-ellipsis-path\">C:\\xampp\\htdocs\\apply like facebook\\active ecommer\\vendor</span><span class=\"sf-dump-ellipsis sf-dump-ellipsis-path\">\\laravel\\framework\\</span>src\\Illuminate\\Pipeline\\Pipeline.php:183</span> {<samp data-depth=3 class=sf-dump-compact>
      <span class=sf-dump-note title=\"Illuminate\\Pipeline\\Pipeline-&gt;Illuminate\\Pipeline\\{closure}
\"><span class=\"sf-dump-ellipsis sf-dump-ellipsis-note\">Illuminate\\Pipeline\\Pipeline-&gt;Illuminate\\Pipeline</span><span class=\"sf-dump-ellipsis sf-dump-ellipsis-note\">\\</span>{closure}</span> &#8230;
      &#8250; <code class=\"php\"><span class=sf-dump-default>$carry = method_exists($pipe, $this-&gt;method)</span></code>
      &#8250; <code class=\"php\"><span class=sf-dump-const title=\"in Illuminate\\Pipeline\\Pipeline-&gt;Illuminate\\Pipeline\\{closure}\">                ? $pipe-&gt;{$this-&gt;method}(...$parameters)</span></code>
      &#8250; <code class=\"php\"><span class=sf-dump-default>                : $pipe(...$parameters);</span></code>
      <span class=sf-dump-meta>arguments</span>: { &#8230;2}
    </samp>}
    <span class=sf-dump-meta title=\"C:\\xampp\\htdocs\\apply like facebook\\active ecommer\\vendor\\laravel\\framework\\src\\Illuminate\\Session\\Middleware\\StartSession.php:121
Stack level 18.\"><span class=\"sf-dump-ellipsis sf-dump-ellipsis-path\">C:\\xampp\\htdocs\\apply like facebook\\active ecommer\\vendor</span><span class=\"sf-dump-ellipsis sf-dump-ellipsis-path\">\\laravel\\framework\\</span>src\\Illuminate\\Session\\Middleware\\StartSession.php:121</span> {<samp data-depth=3 class=sf-dump-compact>
      <span class=sf-dump-note title=\"Illuminate\\Session\\Middleware\\StartSession-&gt;handleStatefulRequest(Request $request, $session, Closure $next)
\"><span class=\"sf-dump-ellipsis sf-dump-ellipsis-note\">Illuminate\\Session\\Middleware</span><span class=\"sf-dump-ellipsis sf-dump-ellipsis-note\">\\</span>StartSession-&gt;handleStatefulRequest(Request $request, $session, Closure $next)</span> &#8230;
      &#8250; 
      &#8250; <code class=\"php\"><span class=sf-dump-const title=\"in Illuminate\\Session\\Middleware\\StartSession-&gt;handleStatefulRequest(Request $request, $session, Closure $next)\">$response = $next($request);</span></code>
      &#8250; 
      <span class=sf-dump-meta>arguments</span>: { &#8230;1}
    </samp>}
    <span class=sf-dump-meta title=\"C:\\xampp\\htdocs\\apply like facebook\\active ecommer\\vendor\\laravel\\framework\\src\\Illuminate\\Session\\Middleware\\StartSession.php:64
Stack level 17.\"><span class=\"sf-dump-ellipsis sf-dump-ellipsis-path\">C:\\xampp\\htdocs\\apply like facebook\\active ecommer\\vendor</span><span class=\"sf-dump-ellipsis sf-dump-ellipsis-path\">\\laravel\\framework\\</span>src\\Illuminate\\Session\\Middleware\\StartSession.php:64</span> {<samp data-depth=3 class=sf-dump-compact>
      <span class=sf-dump-note title=\"Illuminate\\Session\\Middleware\\StartSession-&gt;handle($request, Closure $next)
\"><span class=\"sf-dump-ellipsis sf-dump-ellipsis-note\">Illuminate\\Session\\Middleware</span><span class=\"sf-dump-ellipsis sf-dump-ellipsis-note\">\\</span>StartSession-&gt;handle($request, Closure $next)</span> &#8230;
      &#8250; 
      &#8250; <code class=\"php\"><span class=sf-dump-const title=\"in Illuminate\\Session\\Middleware\\StartSession-&gt;handle($request, Closure $next)\">    return $this-&gt;handleStatefulRequest($request, $session, $next);</span></code>
      &#8250; <code class=\"php\"><span class=sf-dump-default>}</span></code>
      <span class=sf-dump-meta>arguments</span>: { &#8230;3}
    </samp>}
    <span class=sf-dump-meta title=\"C:\\xampp\\htdocs\\apply like facebook\\active ecommer\\vendor\\laravel\\framework\\src\\Illuminate\\Pipeline\\Pipeline.php:183
Stack level 16.\"><span class=\"sf-dump-ellipsis sf-dump-ellipsis-path\">C:\\xampp\\htdocs\\apply like facebook\\active ecommer\\vendor</span><span class=\"sf-dump-ellipsis sf-dump-ellipsis-path\">\\laravel\\framework\\</span>src\\Illuminate\\Pipeline\\Pipeline.php:183</span> {<samp data-depth=3 class=sf-dump-compact>
      <span class=sf-dump-note title=\"Illuminate\\Pipeline\\Pipeline-&gt;Illuminate\\Pipeline\\{closure}
\"><span class=\"sf-dump-ellipsis sf-dump-ellipsis-note\">Illuminate\\Pipeline\\Pipeline-&gt;Illuminate\\Pipeline</span><span class=\"sf-dump-ellipsis sf-dump-ellipsis-note\">\\</span>{closure}</span> &#8230;
      &#8250; <code class=\"php\"><span class=sf-dump-default>$carry = method_exists($pipe, $this-&gt;method)</span></code>
      &#8250; <code class=\"php\"><span class=sf-dump-const title=\"in Illuminate\\Pipeline\\Pipeline-&gt;Illuminate\\Pipeline\\{closure}\">                ? $pipe-&gt;{$this-&gt;method}(...$parameters)</span></code>
      &#8250; <code class=\"php\"><span class=sf-dump-default>                : $pipe(...$parameters);</span></code>
      <span class=sf-dump-meta>arguments</span>: { &#8230;2}
    </samp>}
    <span class=sf-dump-meta title=\"C:\\xampp\\htdocs\\apply like facebook\\active ecommer\\vendor\\laravel\\framework\\src\\Illuminate\\Http\\Middleware\\TrustProxies.php:39
Stack level 15.\"><span class=\"sf-dump-ellipsis sf-dump-ellipsis-path\">C:\\xampp\\htdocs\\apply like facebook\\active ecommer\\vendor</span><span class=\"sf-dump-ellipsis sf-dump-ellipsis-path\">\\laravel\\framework\\</span>src\\Illuminate\\Http\\Middleware\\TrustProxies.php:39</span> {<samp data-depth=3 class=sf-dump-compact>
      <span class=sf-dump-note title=\"Illuminate\\Http\\Middleware\\TrustProxies-&gt;handle(Request $request, Closure $next)
\"><span class=\"sf-dump-ellipsis sf-dump-ellipsis-note\">Illuminate\\Http\\Middleware</span><span class=\"sf-dump-ellipsis sf-dump-ellipsis-note\">\\</span>TrustProxies-&gt;handle(Request $request, Closure $next)</span> &#8230;
      &#8250; 
      &#8250; <code class=\"php\"><span class=sf-dump-const title=\"in Illuminate\\Http\\Middleware\\TrustProxies-&gt;handle(Request $request, Closure $next)\">    return $next($request);</span></code>
      &#8250; <code class=\"php\"><span class=sf-dump-default>}</span></code>
      <span class=sf-dump-meta>arguments</span>: { &#8230;1}
    </samp>}
    <span class=sf-dump-meta title=\"C:\\xampp\\htdocs\\apply like facebook\\active ecommer\\vendor\\laravel\\framework\\src\\Illuminate\\Pipeline\\Pipeline.php:183
Stack level 14.\"><span class=\"sf-dump-ellipsis sf-dump-ellipsis-path\">C:\\xampp\\htdocs\\apply like facebook\\active ecommer\\vendor</span><span class=\"sf-dump-ellipsis sf-dump-ellipsis-path\">\\laravel\\framework\\</span>src\\Illuminate\\Pipeline\\Pipeline.php:183</span> {<samp data-depth=3 class=sf-dump-compact>
      <span class=sf-dump-note title=\"Illuminate\\Pipeline\\Pipeline-&gt;Illuminate\\Pipeline\\{closure}
\"><span class=\"sf-dump-ellipsis sf-dump-ellipsis-note\">Illuminate\\Pipeline\\Pipeline-&gt;Illuminate\\Pipeline</span><span class=\"sf-dump-ellipsis sf-dump-ellipsis-note\">\\</span>{closure}</span> &#8230;
      &#8250; <code class=\"php\"><span class=sf-dump-default>$carry = method_exists($pipe, $this-&gt;method)</span></code>
      &#8250; <code class=\"php\"><span class=sf-dump-const title=\"in Illuminate\\Pipeline\\Pipeline-&gt;Illuminate\\Pipeline\\{closure}\">                ? $pipe-&gt;{$this-&gt;method}(...$parameters)</span></code>
      &#8250; <code class=\"php\"><span class=sf-dump-default>                : $pipe(...$parameters);</span></code>
      <span class=sf-dump-meta>arguments</span>: { &#8230;2}
    </samp>}
    <span class=sf-dump-meta title=\"C:\\xampp\\htdocs\\apply like facebook\\active ecommer\\vendor\\laravel\\framework\\src\\Illuminate\\Foundation\\Http\\Middleware\\TransformsRequest.php:21
Stack level 13.\"><span class=\"sf-dump-ellipsis sf-dump-ellipsis-path\">C:\\xampp\\htdocs\\apply like facebook\\active ecommer\\vendor</span><span class=\"sf-dump-ellipsis sf-dump-ellipsis-path\">\\laravel\\framework\\</span>src\\Illuminate\\Foundation\\Http\\Middleware\\TransformsRequest.php:21</span> {<samp data-depth=3 class=sf-dump-compact>
      <span class=sf-dump-note title=\"Illuminate\\Foundation\\Http\\Middleware\\TransformsRequest-&gt;handle($request, Closure $next)
\"><span class=\"sf-dump-ellipsis sf-dump-ellipsis-note\">Illuminate\\Foundation\\Http\\Middleware</span><span class=\"sf-dump-ellipsis sf-dump-ellipsis-note\">\\</span>TransformsRequest-&gt;handle($request, Closure $next)</span> &#8230;
      &#8250; 
      &#8250; <code class=\"php\"><span class=sf-dump-const title=\"in Illuminate\\Foundation\\Http\\Middleware\\TransformsRequest-&gt;handle($request, Closure $next)\">    return $next($request);</span></code>
      &#8250; <code class=\"php\"><span class=sf-dump-default>}</span></code>
      <span class=sf-dump-meta>arguments</span>: { &#8230;1}
    </samp>}
    <span class=sf-dump-meta title=\"C:\\xampp\\htdocs\\apply like facebook\\active ecommer\\vendor\\laravel\\framework\\src\\Illuminate\\Foundation\\Http\\Middleware\\ConvertEmptyStringsToNull.php:31
Stack level 12.\"><span class=\"sf-dump-ellipsis sf-dump-ellipsis-path\">C:\\xampp\\htdocs\\apply like facebook\\active ecommer\\vendor</span><span class=\"sf-dump-ellipsis sf-dump-ellipsis-path\">\\laravel\\framework\\</span>src\\Illuminate\\Foundation\\Http\\Middleware\\ConvertEmptyStringsToNull.php:31</span> {<samp data-depth=3 class=sf-dump-compact>
      <span class=sf-dump-note title=\"Illuminate\\Foundation\\Http\\Middleware\\ConvertEmptyStringsToNull-&gt;handle($request, Closure $next)
\"><span class=\"sf-dump-ellipsis sf-dump-ellipsis-note\">Illuminate\\Foundation\\Http\\Middleware</span><span class=\"sf-dump-ellipsis sf-dump-ellipsis-note\">\\</span>ConvertEmptyStringsToNull-&gt;handle($request, Closure $next)</span> &#8230;
      &#8250; 
      &#8250; <code class=\"php\"><span class=sf-dump-const title=\"in Illuminate\\Foundation\\Http\\Middleware\\ConvertEmptyStringsToNull-&gt;handle($request, Closure $next)\">    return parent::handle($request, $next);</span></code>
      &#8250; <code class=\"php\"><span class=sf-dump-default>}</span></code>
      <span class=sf-dump-meta>arguments</span>: { &#8230;2}
    </samp>}
    <span class=sf-dump-meta title=\"C:\\xampp\\htdocs\\apply like facebook\\active ecommer\\vendor\\laravel\\framework\\src\\Illuminate\\Pipeline\\Pipeline.php:183
Stack level 11.\"><span class=\"sf-dump-ellipsis sf-dump-ellipsis-path\">C:\\xampp\\htdocs\\apply like facebook\\active ecommer\\vendor</span><span class=\"sf-dump-ellipsis sf-dump-ellipsis-path\">\\laravel\\framework\\</span>src\\Illuminate\\Pipeline\\Pipeline.php:183</span> {<samp data-depth=3 class=sf-dump-compact>
      <span class=sf-dump-note title=\"Illuminate\\Pipeline\\Pipeline-&gt;Illuminate\\Pipeline\\{closure}
\"><span class=\"sf-dump-ellipsis sf-dump-ellipsis-note\">Illuminate\\Pipeline\\Pipeline-&gt;Illuminate\\Pipeline</span><span class=\"sf-dump-ellipsis sf-dump-ellipsis-note\">\\</span>{closure}</span> &#8230;
      &#8250; <code class=\"php\"><span class=sf-dump-default>$carry = method_exists($pipe, $this-&gt;method)</span></code>
      &#8250; <code class=\"php\"><span class=sf-dump-const title=\"in Illuminate\\Pipeline\\Pipeline-&gt;Illuminate\\Pipeline\\{closure}\">                ? $pipe-&gt;{$this-&gt;method}(...$parameters)</span></code>
      &#8250; <code class=\"php\"><span class=sf-dump-default>                : $pipe(...$parameters);</span></code>
      <span class=sf-dump-meta>arguments</span>: { &#8230;2}
    </samp>}
    <span class=sf-dump-meta title=\"C:\\xampp\\htdocs\\apply like facebook\\active ecommer\\vendor\\laravel\\framework\\src\\Illuminate\\Foundation\\Http\\Middleware\\TransformsRequest.php:21
Stack level 10.\"><span class=\"sf-dump-ellipsis sf-dump-ellipsis-path\">C:\\xampp\\htdocs\\apply like facebook\\active ecommer\\vendor</span><span class=\"sf-dump-ellipsis sf-dump-ellipsis-path\">\\laravel\\framework\\</span>src\\Illuminate\\Foundation\\Http\\Middleware\\TransformsRequest.php:21</span> {<samp data-depth=3 class=sf-dump-compact>
      <span class=sf-dump-note title=\"Illuminate\\Foundation\\Http\\Middleware\\TransformsRequest-&gt;handle($request, Closure $next)
\"><span class=\"sf-dump-ellipsis sf-dump-ellipsis-note\">Illuminate\\Foundation\\Http\\Middleware</span><span class=\"sf-dump-ellipsis sf-dump-ellipsis-note\">\\</span>TransformsRequest-&gt;handle($request, Closure $next)</span> &#8230;
      &#8250; 
      &#8250; <code class=\"php\"><span class=sf-dump-const title=\"in Illuminate\\Foundation\\Http\\Middleware\\TransformsRequest-&gt;handle($request, Closure $next)\">    return $next($request);</span></code>
      &#8250; <code class=\"php\"><span class=sf-dump-default>}</span></code>
      <span class=sf-dump-meta>arguments</span>: { &#8230;1}
    </samp>}
    <span class=sf-dump-meta title=\"C:\\xampp\\htdocs\\apply like facebook\\active ecommer\\vendor\\laravel\\framework\\src\\Illuminate\\Foundation\\Http\\Middleware\\TrimStrings.php:40
Stack level 9.\"><span class=\"sf-dump-ellipsis sf-dump-ellipsis-path\">C:\\xampp\\htdocs\\apply like facebook\\active ecommer\\vendor</span><span class=\"sf-dump-ellipsis sf-dump-ellipsis-path\">\\laravel\\framework\\</span>src\\Illuminate\\Foundation\\Http\\Middleware\\TrimStrings.php:40</span> {<samp data-depth=3 class=sf-dump-compact>
      <span class=sf-dump-note title=\"Illuminate\\Foundation\\Http\\Middleware\\TrimStrings-&gt;handle($request, Closure $next)
\"><span class=\"sf-dump-ellipsis sf-dump-ellipsis-note\">Illuminate\\Foundation\\Http\\Middleware</span><span class=\"sf-dump-ellipsis sf-dump-ellipsis-note\">\\</span>TrimStrings-&gt;handle($request, Closure $next)</span> &#8230;
      &#8250; 
      &#8250; <code class=\"php\"><span class=sf-dump-const title=\"in Illuminate\\Foundation\\Http\\Middleware\\TrimStrings-&gt;handle($request, Closure $next)\">    return parent::handle($request, $next);</span></code>
      &#8250; <code class=\"php\"><span class=sf-dump-default>}</span></code>
      <span class=sf-dump-meta>arguments</span>: { &#8230;2}
    </samp>}
    <span class=sf-dump-meta title=\"C:\\xampp\\htdocs\\apply like facebook\\active ecommer\\vendor\\laravel\\framework\\src\\Illuminate\\Pipeline\\Pipeline.php:183
Stack level 8.\"><span class=\"sf-dump-ellipsis sf-dump-ellipsis-path\">C:\\xampp\\htdocs\\apply like facebook\\active ecommer\\vendor</span><span class=\"sf-dump-ellipsis sf-dump-ellipsis-path\">\\laravel\\framework\\</span>src\\Illuminate\\Pipeline\\Pipeline.php:183</span> {<samp data-depth=3 class=sf-dump-compact>
      <span class=sf-dump-note title=\"Illuminate\\Pipeline\\Pipeline-&gt;Illuminate\\Pipeline\\{closure}
\"><span class=\"sf-dump-ellipsis sf-dump-ellipsis-note\">Illuminate\\Pipeline\\Pipeline-&gt;Illuminate\\Pipeline</span><span class=\"sf-dump-ellipsis sf-dump-ellipsis-note\">\\</span>{closure}</span> &#8230;
      &#8250; <code class=\"php\"><span class=sf-dump-default>$carry = method_exists($pipe, $this-&gt;method)</span></code>
      &#8250; <code class=\"php\"><span class=sf-dump-const title=\"in Illuminate\\Pipeline\\Pipeline-&gt;Illuminate\\Pipeline\\{closure}\">                ? $pipe-&gt;{$this-&gt;method}(...$parameters)</span></code>
      &#8250; <code class=\"php\"><span class=sf-dump-default>                : $pipe(...$parameters);</span></code>
      <span class=sf-dump-meta>arguments</span>: { &#8230;2}
    </samp>}
    <span class=sf-dump-meta title=\"C:\\xampp\\htdocs\\apply like facebook\\active ecommer\\vendor\\laravel\\framework\\src\\Illuminate\\Foundation\\Http\\Middleware\\ValidatePostSize.php:27
Stack level 7.\"><span class=\"sf-dump-ellipsis sf-dump-ellipsis-path\">C:\\xampp\\htdocs\\apply like facebook\\active ecommer\\vendor</span><span class=\"sf-dump-ellipsis sf-dump-ellipsis-path\">\\laravel\\framework\\</span>src\\Illuminate\\Foundation\\Http\\Middleware\\ValidatePostSize.php:27</span> {<samp data-depth=3 class=sf-dump-compact>
      <span class=sf-dump-note title=\"Illuminate\\Foundation\\Http\\Middleware\\ValidatePostSize-&gt;handle($request, Closure $next)
\"><span class=\"sf-dump-ellipsis sf-dump-ellipsis-note\">Illuminate\\Foundation\\Http\\Middleware</span><span class=\"sf-dump-ellipsis sf-dump-ellipsis-note\">\\</span>ValidatePostSize-&gt;handle($request, Closure $next)</span> &#8230;
      &#8250; 
      &#8250; <code class=\"php\"><span class=sf-dump-const title=\"in Illuminate\\Foundation\\Http\\Middleware\\ValidatePostSize-&gt;handle($request, Closure $next)\">    return $next($request);</span></code>
      &#8250; <code class=\"php\"><span class=sf-dump-default>}</span></code>
      <span class=sf-dump-meta>arguments</span>: { &#8230;1}
    </samp>}
    <span class=sf-dump-meta title=\"C:\\xampp\\htdocs\\apply like facebook\\active ecommer\\vendor\\laravel\\framework\\src\\Illuminate\\Pipeline\\Pipeline.php:183
Stack level 6.\"><span class=\"sf-dump-ellipsis sf-dump-ellipsis-path\">C:\\xampp\\htdocs\\apply like facebook\\active ecommer\\vendor</span><span class=\"sf-dump-ellipsis sf-dump-ellipsis-path\">\\laravel\\framework\\</span>src\\Illuminate\\Pipeline\\Pipeline.php:183</span> {<samp data-depth=3 class=sf-dump-compact>
      <span class=sf-dump-note title=\"Illuminate\\Pipeline\\Pipeline-&gt;Illuminate\\Pipeline\\{closure}
\"><span class=\"sf-dump-ellipsis sf-dump-ellipsis-note\">Illuminate\\Pipeline\\Pipeline-&gt;Illuminate\\Pipeline</span><span class=\"sf-dump-ellipsis sf-dump-ellipsis-note\">\\</span>{closure}</span> &#8230;
      &#8250; <code class=\"php\"><span class=sf-dump-default>$carry = method_exists($pipe, $this-&gt;method)</span></code>
      &#8250; <code class=\"php\"><span class=sf-dump-const title=\"in Illuminate\\Pipeline\\Pipeline-&gt;Illuminate\\Pipeline\\{closure}\">                ? $pipe-&gt;{$this-&gt;method}(...$parameters)</span></code>
      &#8250; <code class=\"php\"><span class=sf-dump-default>                : $pipe(...$parameters);</span></code>
      <span class=sf-dump-meta>arguments</span>: { &#8230;2}
    </samp>}
    <span class=sf-dump-meta title=\"C:\\xampp\\htdocs\\apply like facebook\\active ecommer\\vendor\\laravel\\framework\\src\\Illuminate\\Pipeline\\Pipeline.php:119
Stack level 5.\"><span class=\"sf-dump-ellipsis sf-dump-ellipsis-path\">C:\\xampp\\htdocs\\apply like facebook\\active ecommer\\vendor</span><span class=\"sf-dump-ellipsis sf-dump-ellipsis-path\">\\laravel\\framework\\</span>src\\Illuminate\\Pipeline\\Pipeline.php:119</span> {<samp data-depth=3 class=sf-dump-compact>
      <span class=sf-dump-note title=\"Illuminate\\Pipeline\\Pipeline-&gt;then(Closure $destination)
\"><span class=\"sf-dump-ellipsis sf-dump-ellipsis-note\">Illuminate\\Pipeline</span><span class=\"sf-dump-ellipsis sf-dump-ellipsis-note\">\\</span>Pipeline-&gt;then(Closure $destination)</span> &#8230;
      &#8250; 
      &#8250; <code class=\"php\"><span class=sf-dump-const title=\"in Illuminate\\Pipeline\\Pipeline-&gt;then(Closure $destination)\">    return $pipeline($this-&gt;passable);</span></code>
      &#8250; <code class=\"php\"><span class=sf-dump-default>}</span></code>
      <span class=sf-dump-meta>arguments</span>: { &#8230;1}
    </samp>}
    <span class=sf-dump-meta title=\"C:\\xampp\\htdocs\\apply like facebook\\active ecommer\\vendor\\laravel\\framework\\src\\Illuminate\\Foundation\\Http\\Kernel.php:175
Stack level 4.\"><span class=\"sf-dump-ellipsis sf-dump-ellipsis-path\">C:\\xampp\\htdocs\\apply like facebook\\active ecommer\\vendor</span><span class=\"sf-dump-ellipsis sf-dump-ellipsis-path\">\\laravel\\framework\\</span>src\\Illuminate\\Foundation\\Http\\Kernel.php:175</span> {<samp data-depth=3 class=sf-dump-compact>
      <span class=sf-dump-note title=\"Illuminate\\Foundation\\Http\\Kernel-&gt;sendRequestThroughRouter($request)
\"><span class=\"sf-dump-ellipsis sf-dump-ellipsis-note\">Illuminate\\Foundation\\Http</span><span class=\"sf-dump-ellipsis sf-dump-ellipsis-note\">\\</span>Kernel-&gt;sendRequestThroughRouter($request)</span> &#8230;
      &#8250; <code class=\"php\"><span class=sf-dump-default>                -&gt;through($this-&gt;app-&gt;shouldSkipMiddleware() ? [] : $this-&gt;middleware)</span></code>
      &#8250; <code class=\"php\"><span class=sf-dump-const title=\"in Illuminate\\Foundation\\Http\\Kernel-&gt;sendRequestThroughRouter($request)\">                -&gt;then($this-&gt;dispatchToRouter());</span></code>
      &#8250; <code class=\"php\"><span class=sf-dump-default>}</span></code>
      <span class=sf-dump-meta>arguments</span>: { &#8230;1}
    </samp>}
    <span class=sf-dump-meta title=\"C:\\xampp\\htdocs\\apply like facebook\\active ecommer\\vendor\\laravel\\framework\\src\\Illuminate\\Foundation\\Http\\Kernel.php:144
Stack level 3.\"><span class=\"sf-dump-ellipsis sf-dump-ellipsis-path\">C:\\xampp\\htdocs\\apply like facebook\\active ecommer\\vendor</span><span class=\"sf-dump-ellipsis sf-dump-ellipsis-path\">\\laravel\\framework\\</span>src\\Illuminate\\Foundation\\Http\\Kernel.php:144</span> {<samp data-depth=3 class=sf-dump-compact>
      <span class=sf-dump-note title=\"Illuminate\\Foundation\\Http\\Kernel-&gt;handle($request)
\"><span class=\"sf-dump-ellipsis sf-dump-ellipsis-note\">Illuminate\\Foundation\\Http</span><span class=\"sf-dump-ellipsis sf-dump-ellipsis-note\">\\</span>Kernel-&gt;handle($request)</span> &#8230;
      &#8250; 
      &#8250; <code class=\"php\"><span class=sf-dump-const title=\"in Illuminate\\Foundation\\Http\\Kernel-&gt;handle($request)\">    $response = $this-&gt;sendRequestThroughRouter($request);</span></code>
      &#8250; <code class=\"php\"><span class=sf-dump-default>} catch (Throwable $e) {</span></code>
      <span class=sf-dump-meta>arguments</span>: { &#8230;1}
    </samp>}
    <span class=sf-dump-meta title=\"C:\\xampp\\htdocs\\apply like facebook\\active ecommer\\public\\index.php:56
Stack level 2.\"><span class=\"sf-dump-ellipsis sf-dump-ellipsis-path\">C:\\xampp\\htdocs\\apply like facebook\\active ecommer</span><span class=\"sf-dump-ellipsis sf-dump-ellipsis-path\">\\</span>public\\index.php:56</span> {<samp data-depth=3 class=sf-dump-compact>
      <span class=sf-dump-note>require_once</span> &#8230;
      &#8250; 
      &#8250; <code class=\"php\"><span class=sf-dump-const title=\"in require_once\">$response = $kernel-&gt;handle(</span></code>
      &#8250; <code class=\"php\"><span class=sf-dump-default>    $request = Illuminate\\Http\\Request::capture()</span></code>
      <span class=sf-dump-meta>arguments</span>: { &#8230;1}
    </samp>}
    <span class=sf-dump-meta title=\"C:\\xampp\\htdocs\\apply like facebook\\active ecommer\\server.php:21
Stack level 1.\"><span class=\"sf-dump-ellipsis sf-dump-ellipsis-path\">C:\\xampp\\htdocs\\apply like facebook\\active ecommer</span><span class=\"sf-dump-ellipsis sf-dump-ellipsis-path\">\\</span>server.php:21</span> {<samp data-depth=3 class=sf-dump-compact>
      &#8250; <code class=\"php\"><span class=sf-dump-default><span class=\"sf-dump-default sf-dump-ns\">\\r</span></span></code>
      &#8250; <code class=\"php\"><span class=sf-dump-const title=\"\">require_once __DIR__.&#039;/public/index.php&#039;;<span class=\"sf-dump-default sf-dump-ns\">\\r</span></span></code>
      &#8250; 
      <span class=sf-dump-meta>arguments</span>: { &#8230;1}
    </samp>}
  </samp>}
</samp>}
</pre><script>Sfdump(\"sf-dump-1303893754\", {\"maxDepth\":3,\"maxStringLength\":160})</script>
"}},"userId":9,"exception":"[object] (Spatie\\LaravelIgnition\\Exceptions\\ViewException(code: 0): No connection could be made because the target machine actively refused it [tcp://127.0.0.1:6379] at C:\\xampp\\htdocs\\apply like facebook\\active ecommer\\vendor\\predis\\predis\\src\\Connection\\AbstractConnection.php:144)
[stacktrace]
#0 C:\\xampp\\htdocs\\apply like facebook\\active ecommer\\vendor\\predis\\predis\\src\\Connection\\StreamConnection.php(109): Predis\\Connection\\AbstractConnection->onConnectionError('No connection c...', 10061)
#1 C:\\xampp\\htdocs\\apply like facebook\\active ecommer\\vendor\\predis\\predis\\src\\Connection\\StreamConnection.php(154): Predis\\Connection\\StreamConnection->createStreamSocket(Object(Predis\\Connection\\Parameters), 'tcp://127.0.0.1...', 4)
#2 C:\\xampp\\htdocs\\apply like facebook\\active ecommer\\vendor\\predis\\predis\\src\\Connection\\StreamConnection.php(80): Predis\\Connection\\StreamConnection->tcpStreamInitializer(Object(Predis\\Connection\\Parameters))
#3 C:\\xampp\\htdocs\\apply like facebook\\active ecommer\\vendor\\predis\\predis\\src\\Connection\\AbstractConnection.php(85): Predis\\Connection\\StreamConnection->createResource()
#4 C:\\xampp\\htdocs\\apply like facebook\\active ecommer\\vendor\\predis\\predis\\src\\Connection\\StreamConnection.php(230): Predis\\Connection\\AbstractConnection->connect()
#5 C:\\xampp\\htdocs\\apply like facebook\\active ecommer\\vendor\\predis\\predis\\src\\Connection\\AbstractConnection.php(169): Predis\\Connection\\StreamConnection->connect()
#6 C:\\xampp\\htdocs\\apply like facebook\\active ecommer\\vendor\\predis\\predis\\src\\Connection\\StreamConnection.php(265): Predis\\Connection\\AbstractConnection->getResource()
#7 C:\\xampp\\htdocs\\apply like facebook\\active ecommer\\vendor\\predis\\predis\\src\\Connection\\StreamConnection.php(372): Predis\\Connection\\StreamConnection->write('*2\\r\\n$3\\r\\nGET\\r\\n$3...')
#8 C:\\xampp\\htdocs\\apply like facebook\\active ecommer\\vendor\\predis\\predis\\src\\Connection\\AbstractConnection.php(122): Predis\\Connection\\StreamConnection->writeRequest(Object(Predis\\Command\\Redis\\GET))
#9 C:\\xampp\\htdocs\\apply like facebook\\active ecommer\\vendor\\predis\\predis\\src\\Client.php(381): Predis\\Connection\\AbstractConnection->executeCommand(Object(Predis\\Command\\Redis\\GET))
#10 C:\\xampp\\htdocs\\apply like facebook\\active ecommer\\vendor\\predis\\predis\\src\\Client.php(335): Predis\\Client->executeCommand(Object(Predis\\Command\\Redis\\GET))
#11 C:\\xampp\\htdocs\\apply like facebook\\active ecommer\\vendor\\laravel\\framework\\src\\Illuminate\\Redis\\Connections\\Connection.php(116): Predis\\Client->__call('get', Array)
#12 C:\\xampp\\htdocs\\apply like facebook\\active ecommer\\vendor\\laravel\\framework\\src\\Illuminate\\Redis\\Connections\\Connection.php(229): Illuminate\\Redis\\Connections\\Connection->command('get', Array)
#13 C:\\xampp\\htdocs\\apply like facebook\\active ecommer\\vendor\\laravel\\framework\\src\\Illuminate\\Cache\\RedisStore.php(65): Illuminate\\Redis\\Connections\\Connection->__call('get', Array)
#14 C:\\xampp\\htdocs\\apply like facebook\\active ecommer\\vendor\\laravel\\framework\\src\\Illuminate\\Cache\\Repository.php(98): Illuminate\\Cache\\RedisStore->get('addons')
#15 C:\\xampp\\htdocs\\apply like facebook\\active ecommer\\vendor\\laravel\\framework\\src\\Illuminate\\Cache\\Repository.php(387): Illuminate\\Cache\\Repository->get('addons')
#16 C:\\xampp\\htdocs\\apply like facebook\\active ecommer\\vendor\\laravel\\framework\\src\\Illuminate\\Cache\\CacheManager.php(429): Illuminate\\Cache\\Repository->remember('addons', 86400, Object(Closure))
#17 C:\\xampp\\htdocs\\apply like facebook\\active ecommer\\vendor\\laravel\\framework\\src\\Illuminate\\Support\\Facades\\Facade.php(355): Illuminate\\Cache\\CacheManager->__call('remember', Array)
#18 C:\\xampp\\htdocs\\apply like facebook\\active ecommer\\app\\Http\\Helpers.php(1687): Illuminate\\Support\\Facades\\Facade::__callStatic('remember', Array)
#19 C:\\xampp\\htdocs\\apply like facebook\\active ecommer\\resources\\views\\errors\\404.blade.php(1): addon_is_activated('portfolio_syste...')
#20 C:\\xampp\\htdocs\\apply like facebook\\active ecommer\\vendor\\laravel\\framework\\src\\Illuminate\\Filesystem\\Filesystem.php(123): require('C:\\\\xampp\\\\htdocs...')
#21 C:\\xampp\\htdocs\\apply like facebook\\active ecommer\\vendor\\laravel\\framework\\src\\Illuminate\\Filesystem\\Filesystem.php(124): Illuminate\\Filesystem\\Filesystem::Illuminate\\Filesystem\\{closure}()
#22 C:\\xampp\\htdocs\\apply like facebook\\active ecommer\\vendor\\laravel\\framework\\src\\Illuminate\\View\\Engines\\PhpEngine.php(58): Illuminate\\Filesystem\\Filesystem->getRequire('C:\\\\xampp\\\\htdocs...', Array)
#23 C:\\xampp\\htdocs\\apply like facebook\\active ecommer\\vendor\\laravel\\framework\\src\\Illuminate\\View\\Engines\\CompilerEngine.php(72): Illuminate\\View\\Engines\\PhpEngine->evaluatePath('C:\\\\xampp\\\\htdocs...', Array)
#24 C:\\xampp\\htdocs\\apply like facebook\\active ecommer\\vendor\\laravel\\framework\\src\\Illuminate\\View\\View.php(207): Illuminate\\View\\Engines\\CompilerEngine->get('C:\\\\xampp\\\\htdocs...', Array)
#25 C:\\xampp\\htdocs\\apply like facebook\\active ecommer\\vendor\\laravel\\framework\\src\\Illuminate\\View\\View.php(190): Illuminate\\View\\View->getContents()
#26 C:\\xampp\\htdocs\\apply like facebook\\active ecommer\\vendor\\laravel\\framework\\src\\Illuminate\\View\\View.php(159): Illuminate\\View\\View->renderContents()
#27 C:\\xampp\\htdocs\\apply like facebook\\active ecommer\\vendor\\laravel\\framework\\src\\Illuminate\\Http\\Response.php(69): Illuminate\\View\\View->render()
#28 C:\\xampp\\htdocs\\apply like facebook\\active ecommer\\vendor\\laravel\\framework\\src\\Illuminate\\Http\\Response.php(35): Illuminate\\Http\\Response->setContent(Object(Illuminate\\View\\View))
#29 C:\\xampp\\htdocs\\apply like facebook\\active ecommer\\vendor\\laravel\\framework\\src\\Illuminate\\Routing\\ResponseFactory.php(58): Illuminate\\Http\\Response->__construct(Object(Illuminate\\View\\View), 404, Array)
#30 C:\\xampp\\htdocs\\apply like facebook\\active ecommer\\vendor\\laravel\\framework\\src\\Illuminate\\Routing\\ResponseFactory.php(88): Illuminate\\Routing\\ResponseFactory->make(Object(Illuminate\\View\\View), 404, Array)
#31 C:\\xampp\\htdocs\\apply like facebook\\active ecommer\\vendor\\laravel\\framework\\src\\Illuminate\\Foundation\\Exceptions\\Handler.php(723): Illuminate\\Routing\\ResponseFactory->view('errors::404', Array, 404, Array)
#32 C:\\xampp\\htdocs\\apply like facebook\\active ecommer\\vendor\\laravel\\framework\\src\\Illuminate\\Foundation\\Exceptions\\Handler.php(650): Illuminate\\Foundation\\Exceptions\\Handler->renderHttpException(Object(Symfony\\Component\\HttpKernel\\Exception\\NotFoundHttpException))
#33 C:\\xampp\\htdocs\\apply like facebook\\active ecommer\\vendor\\laravel\\framework\\src\\Illuminate\\Foundation\\Exceptions\\Handler.php(556): Illuminate\\Foundation\\Exceptions\\Handler->prepareResponse(Object(Illuminate\\Http\\Request), Object(Symfony\\Component\\HttpKernel\\Exception\\NotFoundHttpException))
#34 C:\\xampp\\htdocs\\apply like facebook\\active ecommer\\vendor\\laravel\\framework\\src\\Illuminate\\Foundation\\Exceptions\\Handler.php(473): Illuminate\\Foundation\\Exceptions\\Handler->renderExceptionResponse(Object(Illuminate\\Http\\Request), Object(Symfony\\Component\\HttpKernel\\Exception\\NotFoundHttpException))
#35 C:\\xampp\\htdocs\\apply like facebook\\active ecommer\\app\\Exceptions\\Handler.php(55): Illuminate\\Foundation\\Exceptions\\Handler->render(Object(Illuminate\\Http\\Request), Object(Symfony\\Component\\HttpKernel\\Exception\\NotFoundHttpException))
#36 C:\\xampp\\htdocs\\apply like facebook\\active ecommer\\vendor\\laravel\\framework\\src\\Illuminate\\Routing\\Pipeline.php(51): App\\Exceptions\\Handler->render(Object(Illuminate\\Http\\Request), Object(Symfony\\Component\\HttpKernel\\Exception\\NotFoundHttpException))
#37 C:\\xampp\\htdocs\\apply like facebook\\active ecommer\\vendor\\laravel\\framework\\src\\Illuminate\\Pipeline\\Pipeline.php(146): Illuminate\\Routing\\Pipeline->handleException(Object(Illuminate\\Http\\Request), Object(Symfony\\Component\\HttpKernel\\Exception\\NotFoundHttpException))
#38 C:\\xampp\\htdocs\\apply like facebook\\active ecommer\\vendor\\barryvdh\\laravel-debugbar\\src\\Middleware\\InjectDebugbar.php(66): Illuminate\\Pipeline\\Pipeline->Illuminate\\Pipeline\\{closure}(Object(Illuminate\\Http\\Request))
#39 C:\\xampp\\htdocs\\apply like facebook\\active ecommer\\vendor\\laravel\\framework\\src\\Illuminate\\Pipeline\\Pipeline.php(183): Barryvdh\\Debugbar\\Middleware\\InjectDebugbar->handle(Object(Illuminate\\Http\\Request), Object(Closure))
#40 C:\\xampp\\htdocs\\apply like facebook\\active ecommer\\vendor\\laravel\\framework\\src\\Illuminate\\View\\Middleware\\ShareErrorsFromSession.php(49): Illuminate\\Pipeline\\Pipeline->Illuminate\\Pipeline\\{closure}(Object(Illuminate\\Http\\Request))
#41 C:\\xampp\\htdocs\\apply like facebook\\active ecommer\\vendor\\laravel\\framework\\src\\Illuminate\\Pipeline\\Pipeline.php(183): Illuminate\\View\\Middleware\\ShareErrorsFromSession->handle(Object(Illuminate\\Http\\Request), Object(Closure))
#42 C:\\xampp\\htdocs\\apply like facebook\\active ecommer\\vendor\\laravel\\framework\\src\\Illuminate\\Session\\Middleware\\StartSession.php(121): Illuminate\\Pipeline\\Pipeline->Illuminate\\Pipeline\\{closure}(Object(Illuminate\\Http\\Request))
#43 C:\\xampp\\htdocs\\apply like facebook\\active ecommer\\vendor\\laravel\\framework\\src\\Illuminate\\Session\\Middleware\\StartSession.php(64): Illuminate\\Session\\Middleware\\StartSession->handleStatefulRequest(Object(Illuminate\\Http\\Request), Object(Illuminate\\Session\\Store), Object(Closure))
#44 C:\\xampp\\htdocs\\apply like facebook\\active ecommer\\vendor\\laravel\\framework\\src\\Illuminate\\Pipeline\\Pipeline.php(183): Illuminate\\Session\\Middleware\\StartSession->handle(Object(Illuminate\\Http\\Request), Object(Closure))
#45 C:\\xampp\\htdocs\\apply like facebook\\active ecommer\\vendor\\laravel\\framework\\src\\Illuminate\\Http\\Middleware\\TrustProxies.php(39): Illuminate\\Pipeline\\Pipeline->Illuminate\\Pipeline\\{closure}(Object(Illuminate\\Http\\Request))
#46 C:\\xampp\\htdocs\\apply like facebook\\active ecommer\\vendor\\laravel\\framework\\src\\Illuminate\\Pipeline\\Pipeline.php(183): Illuminate\\Http\\Middleware\\TrustProxies->handle(Object(Illuminate\\Http\\Request), Object(Closure))
#47 C:\\xampp\\htdocs\\apply like facebook\\active ecommer\\vendor\\laravel\\framework\\src\\Illuminate\\Foundation\\Http\\Middleware\\TransformsRequest.php(21): Illuminate\\Pipeline\\Pipeline->Illuminate\\Pipeline\\{closure}(Object(Illuminate\\Http\\Request))
#48 C:\\xampp\\htdocs\\apply like facebook\\active ecommer\\vendor\\laravel\\framework\\src\\Illuminate\\Foundation\\Http\\Middleware\\ConvertEmptyStringsToNull.php(31): Illuminate\\Foundation\\Http\\Middleware\\TransformsRequest->handle(Object(Illuminate\\Http\\Request), Object(Closure))
#49 C:\\xampp\\htdocs\\apply like facebook\\active ecommer\\vendor\\laravel\\framework\\src\\Illuminate\\Pipeline\\Pipeline.php(183): Illuminate\\Foundation\\Http\\Middleware\\ConvertEmptyStringsToNull->handle(Object(Illuminate\\Http\\Request), Object(Closure))
#50 C:\\xampp\\htdocs\\apply like facebook\\active ecommer\\vendor\\laravel\\framework\\src\\Illuminate\\Foundation\\Http\\Middleware\\TransformsRequest.php(21): Illuminate\\Pipeline\\Pipeline->Illuminate\\Pipeline\\{closure}(Object(Illuminate\\Http\\Request))
#51 C:\\xampp\\htdocs\\apply like facebook\\active ecommer\\vendor\\laravel\\framework\\src\\Illuminate\\Foundation\\Http\\Middleware\\TrimStrings.php(40): Illuminate\\Foundation\\Http\\Middleware\\TransformsRequest->handle(Object(Illuminate\\Http\\Request), Object(Closure))
#52 C:\\xampp\\htdocs\\apply like facebook\\active ecommer\\vendor\\laravel\\framework\\src\\Illuminate\\Pipeline\\Pipeline.php(183): Illuminate\\Foundation\\Http\\Middleware\\TrimStrings->handle(Object(Illuminate\\Http\\Request), Object(Closure))
#53 C:\\xampp\\htdocs\\apply like facebook\\active ecommer\\vendor\\laravel\\framework\\src\\Illuminate\\Foundation\\Http\\Middleware\\ValidatePostSize.php(27): Illuminate\\Pipeline\\Pipeline->Illuminate\\Pipeline\\{closure}(Object(Illuminate\\Http\\Request))
#54 C:\\xampp\\htdocs\\apply like facebook\\active ecommer\\vendor\\laravel\\framework\\src\\Illuminate\\Pipeline\\Pipeline.php(183): Illuminate\\Foundation\\Http\\Middleware\\ValidatePostSize->handle(Object(Illuminate\\Http\\Request), Object(Closure))
#55 C:\\xampp\\htdocs\\apply like facebook\\active ecommer\\vendor\\laravel\\framework\\src\\Illuminate\\Pipeline\\Pipeline.php(119): Illuminate\\Pipeline\\Pipeline->Illuminate\\Pipeline\\{closure}(Object(Illuminate\\Http\\Request))
#56 C:\\xampp\\htdocs\\apply like facebook\\active ecommer\\vendor\\laravel\\framework\\src\\Illuminate\\Foundation\\Http\\Kernel.php(175): Illuminate\\Pipeline\\Pipeline->then(Object(Closure))
#57 C:\\xampp\\htdocs\\apply like facebook\\active ecommer\\vendor\\laravel\\framework\\src\\Illuminate\\Foundation\\Http\\Kernel.php(144): Illuminate\\Foundation\\Http\\Kernel->sendRequestThroughRouter(Object(Illuminate\\Http\\Request))
#58 C:\\xampp\\htdocs\\apply like facebook\\active ecommer\\public\\index.php(56): Illuminate\\Foundation\\Http\\Kernel->handle(Object(Illuminate\\Http\\Request))
#59 C:\\xampp\\htdocs\\apply like facebook\\active ecommer\\server.php(21): require_once('C:\\\\xampp\\\\htdocs...')
#60 {main}

[previous exception] [object] (Predis\\Connection\\ConnectionException(code: 10061): No connection could be made because the target machine actively refused it [tcp://127.0.0.1:6379] at C:\\xampp\\htdocs\\apply like facebook\\active ecommer\\vendor\\predis\\predis\\src\\Connection\\AbstractConnection.php:144)
[stacktrace]
#0 C:\\xampp\\htdocs\\apply like facebook\\active ecommer\\vendor\\predis\\predis\\src\\Connection\\StreamConnection.php(109): Predis\\Connection\\AbstractConnection->onConnectionError('No connection c...', 10061)
#1 C:\\xampp\\htdocs\\apply like facebook\\active ecommer\\vendor\\predis\\predis\\src\\Connection\\StreamConnection.php(154): Predis\\Connection\\StreamConnection->createStreamSocket(Object(Predis\\Connection\\Parameters), 'tcp://127.0.0.1...', 4)
#2 C:\\xampp\\htdocs\\apply like facebook\\active ecommer\\vendor\\predis\\predis\\src\\Connection\\StreamConnection.php(80): Predis\\Connection\\StreamConnection->tcpStreamInitializer(Object(Predis\\Connection\\Parameters))
#3 C:\\xampp\\htdocs\\apply like facebook\\active ecommer\\vendor\\predis\\predis\\src\\Connection\\AbstractConnection.php(85): Predis\\Connection\\StreamConnection->createResource()
#4 C:\\xampp\\htdocs\\apply like facebook\\active ecommer\\vendor\\predis\\predis\\src\\Connection\\StreamConnection.php(230): Predis\\Connection\\AbstractConnection->connect()
#5 C:\\xampp\\htdocs\\apply like facebook\\active ecommer\\vendor\\predis\\predis\\src\\Connection\\AbstractConnection.php(169): Predis\\Connection\\StreamConnection->connect()
#6 C:\\xampp\\htdocs\\apply like facebook\\active ecommer\\vendor\\predis\\predis\\src\\Connection\\StreamConnection.php(265): Predis\\Connection\\AbstractConnection->getResource()
#7 C:\\xampp\\htdocs\\apply like facebook\\active ecommer\\vendor\\predis\\predis\\src\\Connection\\StreamConnection.php(372): Predis\\Connection\\StreamConnection->write('*2\\r\\n$3\\r\\nGET\\r\\n$3...')
#8 C:\\xampp\\htdocs\\apply like facebook\\active ecommer\\vendor\\predis\\predis\\src\\Connection\\AbstractConnection.php(122): Predis\\Connection\\StreamConnection->writeRequest(Object(Predis\\Command\\Redis\\GET))
#9 C:\\xampp\\htdocs\\apply like facebook\\active ecommer\\vendor\\predis\\predis\\src\\Client.php(381): Predis\\Connection\\AbstractConnection->executeCommand(Object(Predis\\Command\\Redis\\GET))
#10 C:\\xampp\\htdocs\\apply like facebook\\active ecommer\\vendor\\predis\\predis\\src\\Client.php(335): Predis\\Client->executeCommand(Object(Predis\\Command\\Redis\\GET))
#11 C:\\xampp\\htdocs\\apply like facebook\\active ecommer\\vendor\\laravel\\framework\\src\\Illuminate\\Redis\\Connections\\Connection.php(116): Predis\\Client->__call('get', Array)
#12 C:\\xampp\\htdocs\\apply like facebook\\active ecommer\\vendor\\laravel\\framework\\src\\Illuminate\\Redis\\Connections\\Connection.php(229): Illuminate\\Redis\\Connections\\Connection->command('get', Array)
#13 C:\\xampp\\htdocs\\apply like facebook\\active ecommer\\vendor\\laravel\\framework\\src\\Illuminate\\Cache\\RedisStore.php(65): Illuminate\\Redis\\Connections\\Connection->__call('get', Array)
#14 C:\\xampp\\htdocs\\apply like facebook\\active ecommer\\vendor\\laravel\\framework\\src\\Illuminate\\Cache\\Repository.php(98): Illuminate\\Cache\\RedisStore->get('addons')
#15 C:\\xampp\\htdocs\\apply like facebook\\active ecommer\\vendor\\laravel\\framework\\src\\Illuminate\\Cache\\Repository.php(387): Illuminate\\Cache\\Repository->get('addons')
#16 C:\\xampp\\htdocs\\apply like facebook\\active ecommer\\vendor\\laravel\\framework\\src\\Illuminate\\Cache\\CacheManager.php(429): Illuminate\\Cache\\Repository->remember('addons', 86400, Object(Closure))
#17 C:\\xampp\\htdocs\\apply like facebook\\active ecommer\\vendor\\laravel\\framework\\src\\Illuminate\\Support\\Facades\\Facade.php(355): Illuminate\\Cache\\CacheManager->__call('remember', Array)
#18 C:\\xampp\\htdocs\\apply like facebook\\active ecommer\\app\\Http\\Helpers.php(1687): Illuminate\\Support\\Facades\\Facade::__callStatic('remember', Array)
#19 C:\\xampp\\htdocs\\apply like facebook\\active ecommer\\storage\\framework\\views\\a322a5ed9de0ed526e2cc43a47e1f51e.php(4): addon_is_activated('portfolio_syste...')
#20 C:\\xampp\\htdocs\\apply like facebook\\active ecommer\\vendor\\laravel\\framework\\src\\Illuminate\\Filesystem\\Filesystem.php(123): require('C:\\\\xampp\\\\htdocs...')
#21 C:\\xampp\\htdocs\\apply like facebook\\active ecommer\\vendor\\laravel\\framework\\src\\Illuminate\\Filesystem\\Filesystem.php(124): Illuminate\\Filesystem\\Filesystem::Illuminate\\Filesystem\\{closure}()
#22 C:\\xampp\\htdocs\\apply like facebook\\active ecommer\\vendor\\laravel\\framework\\src\\Illuminate\\View\\Engines\\PhpEngine.php(58): Illuminate\\Filesystem\\Filesystem->getRequire('C:\\\\xampp\\\\htdocs...', Array)
#23 C:\\xampp\\htdocs\\apply like facebook\\active ecommer\\vendor\\laravel\\framework\\src\\Illuminate\\View\\Engines\\CompilerEngine.php(72): Illuminate\\View\\Engines\\PhpEngine->evaluatePath('C:\\\\xampp\\\\htdocs...', Array)
#24 C:\\xampp\\htdocs\\apply like facebook\\active ecommer\\vendor\\laravel\\framework\\src\\Illuminate\\View\\View.php(207): Illuminate\\View\\Engines\\CompilerEngine->get('C:\\\\xampp\\\\htdocs...', Array)
#25 C:\\xampp\\htdocs\\apply like facebook\\active ecommer\\vendor\\laravel\\framework\\src\\Illuminate\\View\\View.php(190): Illuminate\\View\\View->getContents()
#26 C:\\xampp\\htdocs\\apply like facebook\\active ecommer\\vendor\\laravel\\framework\\src\\Illuminate\\View\\View.php(159): Illuminate\\View\\View->renderContents()
#27 C:\\xampp\\htdocs\\apply like facebook\\active ecommer\\vendor\\laravel\\framework\\src\\Illuminate\\Http\\Response.php(69): Illuminate\\View\\View->render()
#28 C:\\xampp\\htdocs\\apply like facebook\\active ecommer\\vendor\\laravel\\framework\\src\\Illuminate\\Http\\Response.php(35): Illuminate\\Http\\Response->setContent(Object(Illuminate\\View\\View))
#29 C:\\xampp\\htdocs\\apply like facebook\\active ecommer\\vendor\\laravel\\framework\\src\\Illuminate\\Routing\\ResponseFactory.php(58): Illuminate\\Http\\Response->__construct(Object(Illuminate\\View\\View), 404, Array)
#30 C:\\xampp\\htdocs\\apply like facebook\\active ecommer\\vendor\\laravel\\framework\\src\\Illuminate\\Routing\\ResponseFactory.php(88): Illuminate\\Routing\\ResponseFactory->make(Object(Illuminate\\View\\View), 404, Array)
#31 C:\\xampp\\htdocs\\apply like facebook\\active ecommer\\vendor\\laravel\\framework\\src\\Illuminate\\Foundation\\Exceptions\\Handler.php(723): Illuminate\\Routing\\ResponseFactory->view('errors::404', Array, 404, Array)
#32 C:\\xampp\\htdocs\\apply like facebook\\active ecommer\\vendor\\laravel\\framework\\src\\Illuminate\\Foundation\\Exceptions\\Handler.php(650): Illuminate\\Foundation\\Exceptions\\Handler->renderHttpException(Object(Symfony\\Component\\HttpKernel\\Exception\\NotFoundHttpException))
#33 C:\\xampp\\htdocs\\apply like facebook\\active ecommer\\vendor\\laravel\\framework\\src\\Illuminate\\Foundation\\Exceptions\\Handler.php(556): Illuminate\\Foundation\\Exceptions\\Handler->prepareResponse(Object(Illuminate\\Http\\Request), Object(Symfony\\Component\\HttpKernel\\Exception\\NotFoundHttpException))
#34 C:\\xampp\\htdocs\\apply like facebook\\active ecommer\\vendor\\laravel\\framework\\src\\Illuminate\\Foundation\\Exceptions\\Handler.php(473): Illuminate\\Foundation\\Exceptions\\Handler->renderExceptionResponse(Object(Illuminate\\Http\\Request), Object(Symfony\\Component\\HttpKernel\\Exception\\NotFoundHttpException))
#35 C:\\xampp\\htdocs\\apply like facebook\\active ecommer\\app\\Exceptions\\Handler.php(55): Illuminate\\Foundation\\Exceptions\\Handler->render(Object(Illuminate\\Http\\Request), Object(Symfony\\Component\\HttpKernel\\Exception\\NotFoundHttpException))
#36 C:\\xampp\\htdocs\\apply like facebook\\active ecommer\\vendor\\laravel\\framework\\src\\Illuminate\\Routing\\Pipeline.php(51): App\\Exceptions\\Handler->render(Object(Illuminate\\Http\\Request), Object(Symfony\\Component\\HttpKernel\\Exception\\NotFoundHttpException))
#37 C:\\xampp\\htdocs\\apply like facebook\\active ecommer\\vendor\\laravel\\framework\\src\\Illuminate\\Pipeline\\Pipeline.php(146): Illuminate\\Routing\\Pipeline->handleException(Object(Illuminate\\Http\\Request), Object(Symfony\\Component\\HttpKernel\\Exception\\NotFoundHttpException))
#38 C:\\xampp\\htdocs\\apply like facebook\\active ecommer\\vendor\\barryvdh\\laravel-debugbar\\src\\Middleware\\InjectDebugbar.php(66): Illuminate\\Pipeline\\Pipeline->Illuminate\\Pipeline\\{closure}(Object(Illuminate\\Http\\Request))
#39 C:\\xampp\\htdocs\\apply like facebook\\active ecommer\\vendor\\laravel\\framework\\src\\Illuminate\\Pipeline\\Pipeline.php(183): Barryvdh\\Debugbar\\Middleware\\InjectDebugbar->handle(Object(Illuminate\\Http\\Request), Object(Closure))
#40 C:\\xampp\\htdocs\\apply like facebook\\active ecommer\\vendor\\laravel\\framework\\src\\Illuminate\\View\\Middleware\\ShareErrorsFromSession.php(49): Illuminate\\Pipeline\\Pipeline->Illuminate\\Pipeline\\{closure}(Object(Illuminate\\Http\\Request))
#41 C:\\xampp\\htdocs\\apply like facebook\\active ecommer\\vendor\\laravel\\framework\\src\\Illuminate\\Pipeline\\Pipeline.php(183): Illuminate\\View\\Middleware\\ShareErrorsFromSession->handle(Object(Illuminate\\Http\\Request), Object(Closure))
#42 C:\\xampp\\htdocs\\apply like facebook\\active ecommer\\vendor\\laravel\\framework\\src\\Illuminate\\Session\\Middleware\\StartSession.php(121): Illuminate\\Pipeline\\Pipeline->Illuminate\\Pipeline\\{closure}(Object(Illuminate\\Http\\Request))
#43 C:\\xampp\\htdocs\\apply like facebook\\active ecommer\\vendor\\laravel\\framework\\src\\Illuminate\\Session\\Middleware\\StartSession.php(64): Illuminate\\Session\\Middleware\\StartSession->handleStatefulRequest(Object(Illuminate\\Http\\Request), Object(Illuminate\\Session\\Store), Object(Closure))
#44 C:\\xampp\\htdocs\\apply like facebook\\active ecommer\\vendor\\laravel\\framework\\src\\Illuminate\\Pipeline\\Pipeline.php(183): Illuminate\\Session\\Middleware\\StartSession->handle(Object(Illuminate\\Http\\Request), Object(Closure))
#45 C:\\xampp\\htdocs\\apply like facebook\\active ecommer\\vendor\\laravel\\framework\\src\\Illuminate\\Http\\Middleware\\TrustProxies.php(39): Illuminate\\Pipeline\\Pipeline->Illuminate\\Pipeline\\{closure}(Object(Illuminate\\Http\\Request))
#46 C:\\xampp\\htdocs\\apply like facebook\\active ecommer\\vendor\\laravel\\framework\\src\\Illuminate\\Pipeline\\Pipeline.php(183): Illuminate\\Http\\Middleware\\TrustProxies->handle(Object(Illuminate\\Http\\Request), Object(Closure))
#47 C:\\xampp\\htdocs\\apply like facebook\\active ecommer\\vendor\\laravel\\framework\\src\\Illuminate\\Foundation\\Http\\Middleware\\TransformsRequest.php(21): Illuminate\\Pipeline\\Pipeline->Illuminate\\Pipeline\\{closure}(Object(Illuminate\\Http\\Request))
#48 C:\\xampp\\htdocs\\apply like facebook\\active ecommer\\vendor\\laravel\\framework\\src\\Illuminate\\Foundation\\Http\\Middleware\\ConvertEmptyStringsToNull.php(31): Illuminate\\Foundation\\Http\\Middleware\\TransformsRequest->handle(Object(Illuminate\\Http\\Request), Object(Closure))
#49 C:\\xampp\\htdocs\\apply like facebook\\active ecommer\\vendor\\laravel\\framework\\src\\Illuminate\\Pipeline\\Pipeline.php(183): Illuminate\\Foundation\\Http\\Middleware\\ConvertEmptyStringsToNull->handle(Object(Illuminate\\Http\\Request), Object(Closure))
#50 C:\\xampp\\htdocs\\apply like facebook\\active ecommer\\vendor\\laravel\\framework\\src\\Illuminate\\Foundation\\Http\\Middleware\\TransformsRequest.php(21): Illuminate\\Pipeline\\Pipeline->Illuminate\\Pipeline\\{closure}(Object(Illuminate\\Http\\Request))
#51 C:\\xampp\\htdocs\\apply like facebook\\active ecommer\\vendor\\laravel\\framework\\src\\Illuminate\\Foundation\\Http\\Middleware\\TrimStrings.php(40): Illuminate\\Foundation\\Http\\Middleware\\TransformsRequest->handle(Object(Illuminate\\Http\\Request), Object(Closure))
#52 C:\\xampp\\htdocs\\apply like facebook\\active ecommer\\vendor\\laravel\\framework\\src\\Illuminate\\Pipeline\\Pipeline.php(183): Illuminate\\Foundation\\Http\\Middleware\\TrimStrings->handle(Object(Illuminate\\Http\\Request), Object(Closure))
#53 C:\\xampp\\htdocs\\apply like facebook\\active ecommer\\vendor\\laravel\\framework\\src\\Illuminate\\Foundation\\Http\\Middleware\\ValidatePostSize.php(27): Illuminate\\Pipeline\\Pipeline->Illuminate\\Pipeline\\{closure}(Object(Illuminate\\Http\\Request))
#54 C:\\xampp\\htdocs\\apply like facebook\\active ecommer\\vendor\\laravel\\framework\\src\\Illuminate\\Pipeline\\Pipeline.php(183): Illuminate\\Foundation\\Http\\Middleware\\ValidatePostSize->handle(Object(Illuminate\\Http\\Request), Object(Closure))
#55 C:\\xampp\\htdocs\\apply like facebook\\active ecommer\\vendor\\laravel\\framework\\src\\Illuminate\\Pipeline\\Pipeline.php(119): Illuminate\\Pipeline\\Pipeline->Illuminate\\Pipeline\\{closure}(Object(Illuminate\\Http\\Request))
#56 C:\\xampp\\htdocs\\apply like facebook\\active ecommer\\vendor\\laravel\\framework\\src\\Illuminate\\Foundation\\Http\\Kernel.php(175): Illuminate\\Pipeline\\Pipeline->then(Object(Closure))
#57 C:\\xampp\\htdocs\\apply like facebook\\active ecommer\\vendor\\laravel\\framework\\src\\Illuminate\\Foundation\\Http\\Kernel.php(144): Illuminate\\Foundation\\Http\\Kernel->sendRequestThroughRouter(Object(Illuminate\\Http\\Request))
#58 C:\\xampp\\htdocs\\apply like facebook\\active ecommer\\public\\index.php(56): Illuminate\\Foundation\\Http\\Kernel->handle(Object(Illuminate\\Http\\Request))
#59 C:\\xampp\\htdocs\\apply like facebook\\active ecommer\\server.php(21): require_once('C:\\\\xampp\\\\htdocs...')
#60 {main}
"} 
[2026-07-22 15:59:10] local.ERROR: No connection could be made because the target machine actively refused it [tcp://127.0.0.1:6379] {"userId":9,"exception":"[object] (Predis\\Connection\\ConnectionException(code: 10061): No connection could be made because the target machine actively refused it [tcp://127.0.0.1:6379] at C:\\xampp\\htdocs\\apply like facebook\\active ecommer\\vendor\\predis\\predis\\src\\Connection\\AbstractConnection.php:144)
[stacktrace]
#0 C:\\xampp\\htdocs\\apply like facebook\\active ecommer\\vendor\\predis\\predis\\src\\Connection\\StreamConnection.php(109): Predis\\Connection\\AbstractConnection->onConnectionError('No connection c...', 10061)
#1 C:\\xampp\\htdocs\\apply like facebook\\active ecommer\\vendor\\predis\\predis\\src\\Connection\\StreamConnection.php(154): Predis\\Connection\\StreamConnection->createStreamSocket(Object(Predis\\Connection\\Parameters), 'tcp://127.0.0.1...', 4)
#2 C:\\xampp\\htdocs\\apply like facebook\\active ecommer\\vendor\\predis\\predis\\src\\Connection\\StreamConnection.php(80): Predis\\Connection\\StreamConnection->tcpStreamInitializer(Object(Predis\\Connection\\Parameters))
#3 C:\\xampp\\htdocs\\apply like facebook\\active ecommer\\vendor\\predis\\predis\\src\\Connection\\AbstractConnection.php(85): Predis\\Connection\\StreamConnection->createResource()
#4 C:\\xampp\\htdocs\\apply like facebook\\active ecommer\\vendor\\predis\\predis\\src\\Connection\\StreamConnection.php(230): Predis\\Connection\\AbstractConnection->connect()
#5 C:\\xampp\\htdocs\\apply like facebook\\active ecommer\\vendor\\predis\\predis\\src\\Connection\\AbstractConnection.php(169): Predis\\Connection\\StreamConnection->connect()
#6 C:\\xampp\\htdocs\\apply like facebook\\active ecommer\\vendor\\predis\\predis\\src\\Connection\\StreamConnection.php(265): Predis\\Connection\\AbstractConnection->getResource()
#7 C:\\xampp\\htdocs\\apply like facebook\\active ecommer\\vendor\\predis\\predis\\src\\Connection\\StreamConnection.php(372): Predis\\Connection\\StreamConnection->write('*2\\r\\n$3\\r\\nGET\\r\\n$4...')
#8 C:\\xampp\\htdocs\\apply like facebook\\active ecommer\\vendor\\predis\\predis\\src\\Connection\\AbstractConnection.php(122): Predis\\Connection\\StreamConnection->writeRequest(Object(Predis\\Command\\Redis\\GET))
#9 C:\\xampp\\htdocs\\apply like facebook\\active ecommer\\vendor\\predis\\predis\\src\\Client.php(381): Predis\\Connection\\AbstractConnection->executeCommand(Object(Predis\\Command\\Redis\\GET))
#10 C:\\xampp\\htdocs\\apply like facebook\\active ecommer\\vendor\\predis\\predis\\src\\Client.php(335): Predis\\Client->executeCommand(Object(Predis\\Command\\Redis\\GET))
#11 C:\\xampp\\htdocs\\apply like facebook\\active ecommer\\vendor\\laravel\\framework\\src\\Illuminate\\Redis\\Connections\\Connection.php(116): Predis\\Client->__call('get', Array)
#12 C:\\xampp\\htdocs\\apply like facebook\\active ecommer\\vendor\\laravel\\framework\\src\\Illuminate\\Redis\\Connections\\Connection.php(229): Illuminate\\Redis\\Connections\\Connection->command('get', Array)
#13 C:\\xampp\\htdocs\\apply like facebook\\active ecommer\\vendor\\laravel\\framework\\src\\Illuminate\\Cache\\RedisStore.php(65): Illuminate\\Redis\\Connections\\Connection->__call('get', Array)
#14 C:\\xampp\\htdocs\\apply like facebook\\active ecommer\\vendor\\laravel\\framework\\src\\Illuminate\\Cache\\Repository.php(98): Illuminate\\Cache\\RedisStore->get('featured_catego...')
#15 C:\\xampp\\htdocs\\apply like facebook\\active ecommer\\vendor\\laravel\\framework\\src\\Illuminate\\Cache\\Repository.php(428): Illuminate\\Cache\\Repository->get('featured_catego...')
#16 C:\\xampp\\htdocs\\apply like facebook\\active ecommer\\vendor\\laravel\\framework\\src\\Illuminate\\Cache\\CacheManager.php(429): Illuminate\\Cache\\Repository->rememberForever('featured_catego...', Object(Closure))
#17 C:\\xampp\\htdocs\\apply like facebook\\active ecommer\\vendor\\laravel\\framework\\src\\Illuminate\\Support\\Facades\\Facade.php(355): Illuminate\\Cache\\CacheManager->__call('rememberForever', Array)
#18 C:\\xampp\\htdocs\\apply like facebook\\active ecommer\\app\\Http\\Controllers\\HomeController.php(56): Illuminate\\Support\\Facades\\Facade::__callStatic('rememberForever', Array)
#19 C:\\xampp\\htdocs\\apply like facebook\\active ecommer\\vendor\\laravel\\framework\\src\\Illuminate\\Routing\\Controller.php(54): App\\Http\\Controllers\\HomeController->index()
#20 C:\\xampp\\htdocs\\apply like facebook\\active ecommer\\vendor\\laravel\\framework\\src\\Illuminate\\Routing\\ControllerDispatcher.php(43): Illuminate\\Routing\\Controller->callAction('index', Array)
#21 C:\\xampp\\htdocs\\apply like facebook\\active ecommer\\vendor\\laravel\\framework\\src\\Illuminate\\Routing\\Route.php(259): Illuminate\\Routing\\ControllerDispatcher->dispatch(Object(Illuminate\\Routing\\Route), Object(App\\Http\\Controllers\\HomeController), 'index')
#22 C:\\xampp\\htdocs\\apply like facebook\\active ecommer\\vendor\\laravel\\framework\\src\\Illuminate\\Routing\\Route.php(205): Illuminate\\Routing\\Route->runController()
#23 C:\\xampp\\htdocs\\apply like facebook\\active ecommer\\vendor\\laravel\\framework\\src\\Illuminate\\Routing\\Router.php(806): Illuminate\\Routing\\Route->run()
#24 C:\\xampp\\htdocs\\apply like facebook\\active ecommer\\vendor\\laravel\\framework\\src\\Illuminate\\Pipeline\\Pipeline.php(144): Illuminate\\Routing\\Router->Illuminate\\Routing\\{closure}(Object(Illuminate\\Http\\Request))
#25 C:\\xampp\\htdocs\\apply like facebook\\active ecommer\\app\\Http\\Middleware\\CheckForMaintenanceMode.php(64): Illuminate\\Pipeline\\Pipeline->Illuminate\\Pipeline\\{closure}(Object(Illuminate\\Http\\Request))
#26 C:\\xampp\\htdocs\\apply like facebook\\active ecommer\\vendor\\laravel\\framework\\src\\Illuminate\\Pipeline\\Pipeline.php(183): App\\Http\\Middleware\\CheckForMaintenanceMode->handle(Object(Illuminate\\Http\\Request), Object(Closure))
#27 C:\\xampp\\htdocs\\apply like facebook\\active ecommer\\app\\Http\\Middleware\\HttpsProtocol.php(20): Illuminate\\Pipeline\\Pipeline->Illuminate\\Pipeline\\{closure}(Object(Illuminate\\Http\\Request))
#28 C:\\xampp\\htdocs\\apply like facebook\\active ecommer\\vendor\\laravel\\framework\\src\\Illuminate\\Pipeline\\Pipeline.php(183): App\\Http\\Middleware\\HttpsProtocol->handle(Object(Illuminate\\Http\\Request), Object(Closure))
#29 C:\\xampp\\htdocs\\apply like facebook\\active ecommer\\app\\Http\\Middleware\\Language.php(35): Illuminate\\Pipeline\\Pipeline->Illuminate\\Pipeline\\{closure}(Object(Illuminate\\Http\\Request))
#30 C:\\xampp\\htdocs\\apply like facebook\\active ecommer\\vendor\\laravel\\framework\\src\\Illuminate\\Pipeline\\Pipeline.php(183): App\\Http\\Middleware\\Language->handle(Object(Illuminate\\Http\\Request), Object(Closure))
#31 C:\\xampp\\htdocs\\apply like facebook\\active ecommer\\vendor\\laravel\\framework\\src\\Illuminate\\Routing\\Middleware\\SubstituteBindings.php(50): Illuminate\\Pipeline\\Pipeline->Illuminate\\Pipeline\\{closure}(Object(Illuminate\\Http\\Request))
#32 C:\\xampp\\htdocs\\apply like facebook\\active ecommer\\vendor\\laravel\\framework\\src\\Illuminate\\Pipeline\\Pipeline.php(183): Illuminate\\Routing\\Middleware\\SubstituteBindings->handle(Object(Illuminate\\Http\\Request), Object(Closure))
#33 C:\\xampp\\htdocs\\apply like facebook\\active ecommer\\vendor\\laravel\\framework\\src\\Illuminate\\Foundation\\Http\\Middleware\\VerifyCsrfToken.php(78): Illuminate\\Pipeline\\Pipeline->Illuminate\\Pipeline\\{closure}(Object(Illuminate\\Http\\Request))
#34 C:\\xampp\\htdocs\\apply like facebook\\active ecommer\\vendor\\laravel\\framework\\src\\Illuminate\\Pipeline\\Pipeline.php(183): Illuminate\\Foundation\\Http\\Middleware\\VerifyCsrfToken->handle(Object(Illuminate\\Http\\Request), Object(Closure))
#35 C:\\xampp\\htdocs\\apply like facebook\\active ecommer\\vendor\\laravel\\framework\\src\\Illuminate\\Cookie\\Middleware\\AddQueuedCookiesToResponse.php(37): Illuminate\\Pipeline\\Pipeline->Illuminate\\Pipeline\\{closure}(Object(Illuminate\\Http\\Request))
#36 C:\\xampp\\htdocs\\apply like facebook\\active ecommer\\vendor\\laravel\\framework\\src\\Illuminate\\Pipeline\\Pipeline.php(183): Illuminate\\Cookie\\Middleware\\AddQueuedCookiesToResponse->handle(Object(Illuminate\\Http\\Request), Object(Closure))
#37 C:\\xampp\\htdocs\\apply like facebook\\active ecommer\\vendor\\laravel\\framework\\src\\Illuminate\\Pipeline\\Pipeline.php(119): Illuminate\\Pipeline\\Pipeline->Illuminate\\Pipeline\\{closure}(Object(Illuminate\\Http\\Request))
#38 C:\\xampp\\htdocs\\apply like facebook\\active ecommer\\vendor\\laravel\\framework\\src\\Illuminate\\Routing\\Router.php(805): Illuminate\\Pipeline\\Pipeline->then(Object(Closure))
#39 C:\\xampp\\htdocs\\apply like facebook\\active ecommer\\vendor\\laravel\\framework\\src\\Illuminate\\Routing\\Router.php(784): Illuminate\\Routing\\Router->runRouteWithinStack(Object(Illuminate\\Routing\\Route), Object(Illuminate\\Http\\Request))
#40 C:\\xampp\\htdocs\\apply like facebook\\active ecommer\\vendor\\laravel\\framework\\src\\Illuminate\\Routing\\Router.php(748): Illuminate\\Routing\\Router->runRoute(Object(Illuminate\\Http\\Request), Object(Illuminate\\Routing\\Route))
#41 C:\\xampp\\htdocs\\apply like facebook\\active ecommer\\vendor\\laravel\\framework\\src\\Illuminate\\Routing\\Router.php(737): Illuminate\\Routing\\Router->dispatchToRoute(Object(Illuminate\\Http\\Request))
#42 C:\\xampp\\htdocs\\apply like facebook\\active ecommer\\vendor\\laravel\\framework\\src\\Illuminate\\Foundation\\Http\\Kernel.php(200): Illuminate\\Routing\\Router->dispatch(Object(Illuminate\\Http\\Request))
#43 C:\\xampp\\htdocs\\apply like facebook\\active ecommer\\vendor\\laravel\\framework\\src\\Illuminate\\Pipeline\\Pipeline.php(144): Illuminate\\Foundation\\Http\\Kernel->Illuminate\\Foundation\\Http\\{closure}(Object(Illuminate\\Http\\Request))
#44 C:\\xampp\\htdocs\\apply like facebook\\active ecommer\\vendor\\barryvdh\\laravel-debugbar\\src\\Middleware\\InjectDebugbar.php(66): Illuminate\\Pipeline\\Pipeline->Illuminate\\Pipeline\\{closure}(Object(Illuminate\\Http\\Request))
#45 C:\\xampp\\htdocs\\apply like facebook\\active ecommer\\vendor\\laravel\\framework\\src\\Illuminate\\Pipeline\\Pipeline.php(183): Barryvdh\\Debugbar\\Middleware\\InjectDebugbar->handle(Object(Illuminate\\Http\\Request), Object(Closure))
#46 C:\\xampp\\htdocs\\apply like facebook\\active ecommer\\vendor\\laravel\\framework\\src\\Illuminate\\View\\Middleware\\ShareErrorsFromSession.php(49): Illuminate\\Pipeline\\Pipeline->Illuminate\\Pipeline\\{closure}(Object(Illuminate\\Http\\Request))
#47 C:\\xampp\\htdocs\\apply like facebook\\active ecommer\\vendor\\laravel\\framework\\src\\Illuminate\\Pipeline\\Pipeline.php(183): Illuminate\\View\\Middleware\\ShareErrorsFromSession->handle(Object(Illuminate\\Http\\Request), Object(Closure))
#48 C:\\xampp\\htdocs\\apply like facebook\\active ecommer\\vendor\\laravel\\framework\\src\\Illuminate\\Session\\Middleware\\StartSession.php(121): Illuminate\\Pipeline\\Pipeline->Illuminate\\Pipeline\\{closure}(Object(Illuminate\\Http\\Request))
#49 C:\\xampp\\htdocs\\apply like facebook\\active ecommer\\vendor\\laravel\\framework\\src\\Illuminate\\Session\\Middleware\\StartSession.php(64): Illuminate\\Session\\Middleware\\StartSession->handleStatefulRequest(Object(Illuminate\\Http\\Request), Object(Illuminate\\Session\\Store), Object(Closure))
#50 C:\\xampp\\htdocs\\apply like facebook\\active ecommer\\vendor\\laravel\\framework\\src\\Illuminate\\Pipeline\\Pipeline.php(183): Illuminate\\Session\\Middleware\\StartSession->handle(Object(Illuminate\\Http\\Request), Object(Closure))
#51 C:\\xampp\\htdocs\\apply like facebook\\active ecommer\\vendor\\laravel\\framework\\src\\Illuminate\\Http\\Middleware\\TrustProxies.php(39): Illuminate\\Pipeline\\Pipeline->Illuminate\\Pipeline\\{closure}(Object(Illuminate\\Http\\Request))
#52 C:\\xampp\\htdocs\\apply like facebook\\active ecommer\\vendor\\laravel\\framework\\src\\Illuminate\\Pipeline\\Pipeline.php(183): Illuminate\\Http\\Middleware\\TrustProxies->handle(Object(Illuminate\\Http\\Request), Object(Closure))
#53 C:\\xampp\\htdocs\\apply like facebook\\active ecommer\\vendor\\laravel\\framework\\src\\Illuminate\\Foundation\\Http\\Middleware\\TransformsRequest.php(21): Illuminate\\Pipeline\\Pipeline->Illuminate\\Pipeline\\{closure}(Object(Illuminate\\Http\\Request))
#54 C:\\xampp\\htdocs\\apply like facebook\\active ecommer\\vendor\\laravel\\framework\\src\\Illuminate\\Foundation\\Http\\Middleware\\ConvertEmptyStringsToNull.php(31): Illuminate\\Foundation\\Http\\Middleware\\TransformsRequest->handle(Object(Illuminate\\Http\\Request), Object(Closure))
#55 C:\\xampp\\htdocs\\apply like facebook\\active ecommer\\vendor\\laravel\\framework\\src\\Illuminate\\Pipeline\\Pipeline.php(183): Illuminate\\Foundation\\Http\\Middleware\\ConvertEmptyStringsToNull->handle(Object(Illuminate\\Http\\Request), Object(Closure))
#56 C:\\xampp\\htdocs\\apply like facebook\\active ecommer\\vendor\\laravel\\framework\\src\\Illuminate\\Foundation\\Http\\Middleware\\TransformsRequest.php(21): Illuminate\\Pipeline\\Pipeline->Illuminate\\Pipeline\\{closure}(Object(Illuminate\\Http\\Request))
#57 C:\\xampp\\htdocs\\apply like facebook\\active ecommer\\vendor\\laravel\\framework\\src\\Illuminate\\Foundation\\Http\\Middleware\\TrimStrings.php(40): Illuminate\\Foundation\\Http\\Middleware\\TransformsRequest->handle(Object(Illuminate\\Http\\Request), Object(Closure))
#58 C:\\xampp\\htdocs\\apply like facebook\\active ecommer\\vendor\\laravel\\framework\\src\\Illuminate\\Pipeline\\Pipeline.php(183): Illuminate\\Foundation\\Http\\Middleware\\TrimStrings->handle(Object(Illuminate\\Http\\Request), Object(Closure))
#59 C:\\xampp\\htdocs\\apply like facebook\\active ecommer\\vendor\\laravel\\framework\\src\\Illuminate\\Foundation\\Http\\Middleware\\ValidatePostSize.php(27): Illuminate\\Pipeline\\Pipeline->Illuminate\\Pipeline\\{closure}(Object(Illuminate\\Http\\Request))
#60 C:\\xampp\\htdocs\\apply like facebook\\active ecommer\\vendor\\laravel\\framework\\src\\Illuminate\\Pipeline\\Pipeline.php(183): Illuminate\\Foundation\\Http\\Middleware\\ValidatePostSize->handle(Object(Illuminate\\Http\\Request), Object(Closure))
#61 C:\\xampp\\htdocs\\apply like facebook\\active ecommer\\vendor\\laravel\\framework\\src\\Illuminate\\Pipeline\\Pipeline.php(119): Illuminate\\Pipeline\\Pipeline->Illuminate\\Pipeline\\{closure}(Object(Illuminate\\Http\\Request))
#62 C:\\xampp\\htdocs\\apply like facebook\\active ecommer\\vendor\\laravel\\framework\\src\\Illuminate\\Foundation\\Http\\Kernel.php(175): Illuminate\\Pipeline\\Pipeline->then(Object(Closure))
#63 C:\\xampp\\htdocs\\apply like facebook\\active ecommer\\vendor\\laravel\\framework\\src\\Illuminate\\Foundation\\Http\\Kernel.php(144): Illuminate\\Foundation\\Http\\Kernel->sendRequestThroughRouter(Object(Illuminate\\Http\\Request))
#64 C:\\xampp\\htdocs\\apply like facebook\\active ecommer\\public\\index.php(56): Illuminate\\Foundation\\Http\\Kernel->handle(Object(Illuminate\\Http\\Request))
#65 C:\\xampp\\htdocs\\apply like facebook\\active ecommer\\server.php(21): require_once('C:\\\\xampp\\\\htdocs...')
#66 {main}
"} 
[2026-07-22 15:59:13] local.ERROR: No connection could be made because the target machine actively refused it [tcp://127.0.0.1:6379] {"view":{"view":"C:\\xampp\\htdocs\\apply like facebook\\active ecommer\\resources\\views\\errors\\404.blade.php","data":{"errors":"<pre class=sf-dump id=sf-dump-491174776 data-indent-pad=\"  \"><span class=sf-dump-note>Illuminate\\Support\\ViewErrorBag</span> {<a class=sf-dump-ref>#3413</a><samp data-depth=1 class=sf-dump-expanded>
  #<span class=sf-dump-protected title=\"Protected property\">bags</span>: []
</samp>}
</pre><script>Sfdump(\"sf-dump-491174776\", {\"maxDepth\":3,\"maxStringLength\":160})</script>
","exception":"<pre class=sf-dump id=sf-dump-733614980 data-indent-pad=\"  \"><span class=sf-dump-note>Symfony\\Component\\HttpKernel\\Exception\\NotFoundHttpException</span> {<a class=sf-dump-ref>#3425</a><samp data-depth=1 class=sf-dump-expanded>
  #<span class=sf-dump-protected title=\"Protected property\">message</span>: \"<span class=sf-dump-str title=\"78 characters\">The route .well-known/appspecific/com.chrome.devtools.json could not be found.</span>\"
  #<span class=sf-dump-protected title=\"Protected property\">code</span>: <span class=sf-dump-num>0</span>
  #<span class=sf-dump-protected title=\"Protected property\">file</span>: \"<span class=sf-dump-str title=\"C:\\xampp\\htdocs\\apply like facebook\\active ecommer\\vendor\\laravel\\framework\\src\\Illuminate\\Routing\\AbstractRouteCollection.php
126 characters\"><span class=\"sf-dump-ellipsis sf-dump-ellipsis-path\">C:\\xampp\\htdocs\\apply like facebook\\active ecommer\\vendor</span><span class=\"sf-dump-ellipsis sf-dump-ellipsis-path\">\\laravel\\framework\\</span>src\\Illuminate\\Routing\\AbstractRouteCollection.php</span>\"
  #<span class=sf-dump-protected title=\"Protected property\">line</span>: <span class=sf-dump-num>44</span>
  -<span class=sf-dump-private title=\"Private property defined in class:&#10;`Symfony\\Component\\HttpKernel\\Exception\\HttpException`\">statusCode</span>: <span class=sf-dump-num>404</span>
  -<span class=sf-dump-private title=\"Private property defined in class:&#10;`Symfony\\Component\\HttpKernel\\Exception\\HttpException`\">headers</span>: []
  <span class=sf-dump-meta>trace</span>: {<samp data-depth=2 class=sf-dump-compact>
    <span class=sf-dump-meta title=\"C:\\xampp\\htdocs\\apply like facebook\\active ecommer\\vendor\\laravel\\framework\\src\\Illuminate\\Routing\\AbstractRouteCollection.php:44
Stack level 29.\"><span class=\"sf-dump-ellipsis sf-dump-ellipsis-path\">C:\\xampp\\htdocs\\apply like facebook\\active ecommer\\vendor</span><span class=\"sf-dump-ellipsis sf-dump-ellipsis-path\">\\laravel\\framework\\</span>src\\Illuminate\\Routing\\AbstractRouteCollection.php:44</span> {<samp data-depth=3 class=sf-dump-compact>
      <span class=sf-dump-note title=\"Illuminate\\Routing\\AbstractRouteCollection-&gt;handleMatchedRoute(Request $request, $route)
\"><span class=\"sf-dump-ellipsis sf-dump-ellipsis-note\">Illuminate\\Routing</span><span class=\"sf-dump-ellipsis sf-dump-ellipsis-note\">\\</span>AbstractRouteCollection-&gt;handleMatchedRoute(Request $request, $route)</span> &#8230;
      &#8250; 
      &#8250; <code class=\"php\"><span class=sf-dump-const title=\"in Illuminate\\Routing\\AbstractRouteCollection-&gt;handleMatchedRoute(Request $request, $route)\">throw new NotFoundHttpException(sprintf(</span></code>
      &#8250; <code class=\"php\"><span class=sf-dump-default>    &#039;The route %s could not be found.&#039;,</span></code>
    </samp>}
    <span class=sf-dump-meta title=\"C:\\xampp\\htdocs\\apply like facebook\\active ecommer\\vendor\\laravel\\framework\\src\\Illuminate\\Routing\\RouteCollection.php:162
Stack level 28.\"><span class=\"sf-dump-ellipsis sf-dump-ellipsis-path\">C:\\xampp\\htdocs\\apply like facebook\\active ecommer\\vendor</span><span class=\"sf-dump-ellipsis sf-dump-ellipsis-path\">\\laravel\\framework\\</span>src\\Illuminate\\Routing\\RouteCollection.php:162</span> {<samp data-depth=3 class=sf-dump-compact>
      <span class=sf-dump-note title=\"Illuminate\\Routing\\RouteCollection-&gt;match(Request $request)
\"><span class=\"sf-dump-ellipsis sf-dump-ellipsis-note\">Illuminate\\Routing</span><span class=\"sf-dump-ellipsis sf-dump-ellipsis-note\">\\</span>RouteCollection-&gt;match(Request $request)</span> &#8230;
      &#8250; 
      &#8250; <code class=\"php\"><span class=sf-dump-const title=\"in Illuminate\\Routing\\RouteCollection-&gt;match(Request $request)\">    return $this-&gt;handleMatchedRoute($request, $route);</span></code>
      &#8250; <code class=\"php\"><span class=sf-dump-default>}</span></code>
      <span class=sf-dump-meta>arguments</span>: { &#8230;2}
    </samp>}
    <span class=sf-dump-meta title=\"C:\\xampp\\htdocs\\apply like facebook\\active ecommer\\vendor\\laravel\\framework\\src\\Illuminate\\Routing\\Router.php:761
Stack level 27.\"><span class=\"sf-dump-ellipsis sf-dump-ellipsis-path\">C:\\xampp\\htdocs\\apply like facebook\\active ecommer\\vendor</span><span class=\"sf-dump-ellipsis sf-dump-ellipsis-path\">\\laravel\\framework\\</span>src\\Illuminate\\Routing\\Router.php:761</span> {<samp data-depth=3 class=sf-dump-compact>
      <span class=sf-dump-note title=\"Illuminate\\Routing\\Router-&gt;findRoute($request)
\"><span class=\"sf-dump-ellipsis sf-dump-ellipsis-note\">Illuminate\\Routing</span><span class=\"sf-dump-ellipsis sf-dump-ellipsis-note\">\\</span>Router-&gt;findRoute($request)</span> &#8230;
      &#8250; 
      &#8250; <code class=\"php\"><span class=sf-dump-const title=\"in Illuminate\\Routing\\Router-&gt;findRoute($request)\">$this-&gt;current = $route = $this-&gt;routes-&gt;match($request);</span></code>
      &#8250; 
      <span class=sf-dump-meta>arguments</span>: { &#8230;1}
    </samp>}
    <span class=sf-dump-meta title=\"C:\\xampp\\htdocs\\apply like facebook\\active ecommer\\vendor\\laravel\\framework\\src\\Illuminate\\Routing\\Router.php:748
Stack level 26.\"><span class=\"sf-dump-ellipsis sf-dump-ellipsis-path\">C:\\xampp\\htdocs\\apply like facebook\\active ecommer\\vendor</span><span class=\"sf-dump-ellipsis sf-dump-ellipsis-path\">\\laravel\\framework\\</span>src\\Illuminate\\Routing\\Router.php:748</span> {<samp data-depth=3 class=sf-dump-compact>
      <span class=sf-dump-note title=\"Illuminate\\Routing\\Router-&gt;dispatchToRoute(Request $request)
\"><span class=\"sf-dump-ellipsis sf-dump-ellipsis-note\">Illuminate\\Routing</span><span class=\"sf-dump-ellipsis sf-dump-ellipsis-note\">\\</span>Router-&gt;dispatchToRoute(Request $request)</span> &#8230;
      &#8250; <code class=\"php\"><span class=sf-dump-default>{</span></code>
      &#8250; <code class=\"php\"><span class=sf-dump-const title=\"in Illuminate\\Routing\\Router-&gt;dispatchToRoute(Request $request)\">    return $this-&gt;runRoute($request, $this-&gt;findRoute($request));</span></code>
      &#8250; <code class=\"php\"><span class=sf-dump-default>}</span></code>
      <span class=sf-dump-meta>arguments</span>: { &#8230;1}
    </samp>}
    <span class=sf-dump-meta title=\"C:\\xampp\\htdocs\\apply like facebook\\active ecommer\\vendor\\laravel\\framework\\src\\Illuminate\\Routing\\Router.php:737
Stack level 25.\"><span class=\"sf-dump-ellipsis sf-dump-ellipsis-path\">C:\\xampp\\htdocs\\apply like facebook\\active ecommer\\vendor</span><span class=\"sf-dump-ellipsis sf-dump-ellipsis-path\">\\laravel\\framework\\</span>src\\Illuminate\\Routing\\Router.php:737</span> {<samp data-depth=3 class=sf-dump-compact>
      <span class=sf-dump-note title=\"Illuminate\\Routing\\Router-&gt;dispatch(Request $request)
\"><span class=\"sf-dump-ellipsis sf-dump-ellipsis-note\">Illuminate\\Routing</span><span class=\"sf-dump-ellipsis sf-dump-ellipsis-note\">\\</span>Router-&gt;dispatch(Request $request)</span> &#8230;
      &#8250; 
      &#8250; <code class=\"php\"><span class=sf-dump-const title=\"in Illuminate\\Routing\\Router-&gt;dispatch(Request $request)\">    return $this-&gt;dispatchToRoute($request);</span></code>
      &#8250; <code class=\"php\"><span class=sf-dump-default>}</span></code>
      <span class=sf-dump-meta>arguments</span>: { &#8230;1}
    </samp>}
    <span class=sf-dump-meta title=\"C:\\xampp\\htdocs\\apply like facebook\\active ecommer\\vendor\\laravel\\framework\\src\\Illuminate\\Foundation\\Http\\Kernel.php:200
Stack level 24.\"><span class=\"sf-dump-ellipsis sf-dump-ellipsis-path\">C:\\xampp\\htdocs\\apply like facebook\\active ecommer\\vendor</span><span class=\"sf-dump-ellipsis sf-dump-ellipsis-path\">\\laravel\\framework\\</span>src\\Illuminate\\Foundation\\Http\\Kernel.php:200</span> {<samp data-depth=3 class=sf-dump-compact>
      <span class=sf-dump-note title=\"Illuminate\\Foundation\\Http\\Kernel-&gt;Illuminate\\Foundation\\Http\\{closure}
\"><span class=\"sf-dump-ellipsis sf-dump-ellipsis-note\">Illuminate\\Foundation\\Http\\Kernel-&gt;Illuminate\\Foundation\\Http</span><span class=\"sf-dump-ellipsis sf-dump-ellipsis-note\">\\</span>{closure}</span> &#8230;
      &#8250; 
      &#8250; <code class=\"php\"><span class=sf-dump-const title=\"in Illuminate\\Foundation\\Http\\Kernel-&gt;Illuminate\\Foundation\\Http\\{closure}\">    return $this-&gt;router-&gt;dispatch($request);</span></code>
      &#8250; <code class=\"php\"><span class=sf-dump-default>};</span></code>
      <span class=sf-dump-meta>arguments</span>: { &#8230;1}
    </samp>}
    <span class=sf-dump-meta title=\"C:\\xampp\\htdocs\\apply like facebook\\active ecommer\\vendor\\laravel\\framework\\src\\Illuminate\\Pipeline\\Pipeline.php:144
Stack level 23.\"><span class=\"sf-dump-ellipsis sf-dump-ellipsis-path\">C:\\xampp\\htdocs\\apply like facebook\\active ecommer\\vendor</span><span class=\"sf-dump-ellipsis sf-dump-ellipsis-path\">\\laravel\\framework\\</span>src\\Illuminate\\Pipeline\\Pipeline.php:144</span> {<samp data-depth=3 class=sf-dump-compact>
      <span class=sf-dump-note title=\"Illuminate\\Pipeline\\Pipeline-&gt;Illuminate\\Pipeline\\{closure}
\"><span class=\"sf-dump-ellipsis sf-dump-ellipsis-note\">Illuminate\\Pipeline\\Pipeline-&gt;Illuminate\\Pipeline</span><span class=\"sf-dump-ellipsis sf-dump-ellipsis-note\">\\</span>{closure}</span> &#8230;
      &#8250; <code class=\"php\"><span class=sf-dump-default>try {</span></code>
      &#8250; <code class=\"php\"><span class=sf-dump-const title=\"in Illuminate\\Pipeline\\Pipeline-&gt;Illuminate\\Pipeline\\{closure}\">    return $destination($passable);</span></code>
      &#8250; <code class=\"php\"><span class=sf-dump-default>} catch (Throwable $e) {</span></code>
      <span class=sf-dump-meta>arguments</span>: { &#8230;1}
    </samp>}
    <span class=sf-dump-meta title=\"C:\\xampp\\htdocs\\apply like facebook\\active ecommer\\vendor\\barryvdh\\laravel-debugbar\\src\\Middleware\\InjectDebugbar.php:66
Stack level 22.\"><span class=\"sf-dump-ellipsis sf-dump-ellipsis-path\">C:\\xampp\\htdocs\\apply like facebook\\active ecommer\\vendor</span><span class=\"sf-dump-ellipsis sf-dump-ellipsis-path\">\\barryvdh\\laravel-debugbar\\</span>src\\Middleware\\InjectDebugbar.php:66</span> {<samp data-depth=3 class=sf-dump-compact>
      <span class=sf-dump-note title=\"Barryvdh\\Debugbar\\Middleware\\InjectDebugbar-&gt;handle($request, Closure $next)
\"><span class=\"sf-dump-ellipsis sf-dump-ellipsis-note\">Barryvdh\\Debugbar\\Middleware</span><span class=\"sf-dump-ellipsis sf-dump-ellipsis-note\">\\</span>InjectDebugbar-&gt;handle($request, Closure $next)</span> &#8230;
      &#8250; <code class=\"php\"><span class=sf-dump-default>    /** @var \\Illuminate\\Http\\Response $response */</span></code>
      &#8250; <code class=\"php\"><span class=sf-dump-const title=\"in Barryvdh\\Debugbar\\Middleware\\InjectDebugbar-&gt;handle($request, Closure $next)\">    $response = $next($request);</span></code>
      &#8250; <code class=\"php\"><span class=sf-dump-default>} catch (Throwable $e) {</span></code>
      <span class=sf-dump-meta>arguments</span>: { &#8230;1}
    </samp>}
    <span class=sf-dump-meta title=\"C:\\xampp\\htdocs\\apply like facebook\\active ecommer\\vendor\\laravel\\framework\\src\\Illuminate\\Pipeline\\Pipeline.php:183
Stack level 21.\"><span class=\"sf-dump-ellipsis sf-dump-ellipsis-path\">C:\\xampp\\htdocs\\apply like facebook\\active ecommer\\vendor</span><span class=\"sf-dump-ellipsis sf-dump-ellipsis-path\">\\laravel\\framework\\</span>src\\Illuminate\\Pipeline\\Pipeline.php:183</span> {<samp data-depth=3 class=sf-dump-compact>
      <span class=sf-dump-note title=\"Illuminate\\Pipeline\\Pipeline-&gt;Illuminate\\Pipeline\\{closure}
\"><span class=\"sf-dump-ellipsis sf-dump-ellipsis-note\">Illuminate\\Pipeline\\Pipeline-&gt;Illuminate\\Pipeline</span><span class=\"sf-dump-ellipsis sf-dump-ellipsis-note\">\\</span>{closure}</span> &#8230;
      &#8250; <code class=\"php\"><span class=sf-dump-default>$carry = method_exists($pipe, $this-&gt;method)</span></code>
      &#8250; <code class=\"php\"><span class=sf-dump-const title=\"in Illuminate\\Pipeline\\Pipeline-&gt;Illuminate\\Pipeline\\{closure}\">                ? $pipe-&gt;{$this-&gt;method}(...$parameters)</span></code>
      &#8250; <code class=\"php\"><span class=sf-dump-default>                : $pipe(...$parameters);</span></code>
      <span class=sf-dump-meta>arguments</span>: { &#8230;2}
    </samp>}
    <span class=sf-dump-meta title=\"C:\\xampp\\htdocs\\apply like facebook\\active ecommer\\vendor\\laravel\\framework\\src\\Illuminate\\View\\Middleware\\ShareErrorsFromSession.php:49
Stack level 20.\"><span class=\"sf-dump-ellipsis sf-dump-ellipsis-path\">C:\\xampp\\htdocs\\apply like facebook\\active ecommer\\vendor</span><span class=\"sf-dump-ellipsis sf-dump-ellipsis-path\">\\laravel\\framework\\</span>src\\Illuminate\\View\\Middleware\\ShareErrorsFromSession.php:49</span> {<samp data-depth=3 class=sf-dump-compact>
      <span class=sf-dump-note title=\"Illuminate\\View\\Middleware\\ShareErrorsFromSession-&gt;handle($request, Closure $next)
\"><span class=\"sf-dump-ellipsis sf-dump-ellipsis-note\">Illuminate\\View\\Middleware</span><span class=\"sf-dump-ellipsis sf-dump-ellipsis-note\">\\</span>ShareErrorsFromSession-&gt;handle($request, Closure $next)</span> &#8230;
      &#8250; 
      &#8250; <code class=\"php\"><span class=sf-dump-const title=\"in Illuminate\\View\\Middleware\\ShareErrorsFromSession-&gt;handle($request, Closure $next)\">    return $next($request);</span></code>
      &#8250; <code class=\"php\"><span class=sf-dump-default>}</span></code>
      <span class=sf-dump-meta>arguments</span>: { &#8230;1}
    </samp>}
    <span class=sf-dump-meta title=\"C:\\xampp\\htdocs\\apply like facebook\\active ecommer\\vendor\\laravel\\framework\\src\\Illuminate\\Pipeline\\Pipeline.php:183
Stack level 19.\"><span class=\"sf-dump-ellipsis sf-dump-ellipsis-path\">C:\\xampp\\htdocs\\apply like facebook\\active ecommer\\vendor</span><span class=\"sf-dump-ellipsis sf-dump-ellipsis-path\">\\laravel\\framework\\</span>src\\Illuminate\\Pipeline\\Pipeline.php:183</span> {<samp data-depth=3 class=sf-dump-compact>
      <span class=sf-dump-note title=\"Illuminate\\Pipeline\\Pipeline-&gt;Illuminate\\Pipeline\\{closure}
\"><span class=\"sf-dump-ellipsis sf-dump-ellipsis-note\">Illuminate\\Pipeline\\Pipeline-&gt;Illuminate\\Pipeline</span><span class=\"sf-dump-ellipsis sf-dump-ellipsis-note\">\\</span>{closure}</span> &#8230;
      &#8250; <code class=\"php\"><span class=sf-dump-default>$carry = method_exists($pipe, $this-&gt;method)</span></code>
      &#8250; <code class=\"php\"><span class=sf-dump-const title=\"in Illuminate\\Pipeline\\Pipeline-&gt;Illuminate\\Pipeline\\{closure}\">                ? $pipe-&gt;{$this-&gt;method}(...$parameters)</span></code>
      &#8250; <code class=\"php\"><span class=sf-dump-default>                : $pipe(...$parameters);</span></code>
      <span class=sf-dump-meta>arguments</span>: { &#8230;2}
    </samp>}
    <span class=sf-dump-meta title=\"C:\\xampp\\htdocs\\apply like facebook\\active ecommer\\vendor\\laravel\\framework\\src\\Illuminate\\Session\\Middleware\\StartSession.php:121
Stack level 18.\"><span class=\"sf-dump-ellipsis sf-dump-ellipsis-path\">C:\\xampp\\htdocs\\apply like facebook\\active ecommer\\vendor</span><span class=\"sf-dump-ellipsis sf-dump-ellipsis-path\">\\laravel\\framework\\</span>src\\Illuminate\\Session\\Middleware\\StartSession.php:121</span> {<samp data-depth=3 class=sf-dump-compact>
      <span class=sf-dump-note title=\"Illuminate\\Session\\Middleware\\StartSession-&gt;handleStatefulRequest(Request $request, $session, Closure $next)
\"><span class=\"sf-dump-ellipsis sf-dump-ellipsis-note\">Illuminate\\Session\\Middleware</span><span class=\"sf-dump-ellipsis sf-dump-ellipsis-note\">\\</span>StartSession-&gt;handleStatefulRequest(Request $request, $session, Closure $next)</span> &#8230;
      &#8250; 
      &#8250; <code class=\"php\"><span class=sf-dump-const title=\"in Illuminate\\Session\\Middleware\\StartSession-&gt;handleStatefulRequest(Request $request, $session, Closure $next)\">$response = $next($request);</span></code>
      &#8250; 
      <span class=sf-dump-meta>arguments</span>: { &#8230;1}
    </samp>}
    <span class=sf-dump-meta title=\"C:\\xampp\\htdocs\\apply like facebook\\active ecommer\\vendor\\laravel\\framework\\src\\Illuminate\\Session\\Middleware\\StartSession.php:64
Stack level 17.\"><span class=\"sf-dump-ellipsis sf-dump-ellipsis-path\">C:\\xampp\\htdocs\\apply like facebook\\active ecommer\\vendor</span><span class=\"sf-dump-ellipsis sf-dump-ellipsis-path\">\\laravel\\framework\\</span>src\\Illuminate\\Session\\Middleware\\StartSession.php:64</span> {<samp data-depth=3 class=sf-dump-compact>
      <span class=sf-dump-note title=\"Illuminate\\Session\\Middleware\\StartSession-&gt;handle($request, Closure $next)
\"><span class=\"sf-dump-ellipsis sf-dump-ellipsis-note\">Illuminate\\Session\\Middleware</span><span class=\"sf-dump-ellipsis sf-dump-ellipsis-note\">\\</span>StartSession-&gt;handle($request, Closure $next)</span> &#8230;
      &#8250; 
      &#8250; <code class=\"php\"><span class=sf-dump-const title=\"in Illuminate\\Session\\Middleware\\StartSession-&gt;handle($request, Closure $next)\">    return $this-&gt;handleStatefulRequest($request, $session, $next);</span></code>
      &#8250; <code class=\"php\"><span class=sf-dump-default>}</span></code>
      <span class=sf-dump-meta>arguments</span>: { &#8230;3}
    </samp>}
    <span class=sf-dump-meta title=\"C:\\xampp\\htdocs\\apply like facebook\\active ecommer\\vendor\\laravel\\framework\\src\\Illuminate\\Pipeline\\Pipeline.php:183
Stack level 16.\"><span class=\"sf-dump-ellipsis sf-dump-ellipsis-path\">C:\\xampp\\htdocs\\apply like facebook\\active ecommer\\vendor</span><span class=\"sf-dump-ellipsis sf-dump-ellipsis-path\">\\laravel\\framework\\</span>src\\Illuminate\\Pipeline\\Pipeline.php:183</span> {<samp data-depth=3 class=sf-dump-compact>
      <span class=sf-dump-note title=\"Illuminate\\Pipeline\\Pipeline-&gt;Illuminate\\Pipeline\\{closure}
\"><span class=\"sf-dump-ellipsis sf-dump-ellipsis-note\">Illuminate\\Pipeline\\Pipeline-&gt;Illuminate\\Pipeline</span><span class=\"sf-dump-ellipsis sf-dump-ellipsis-note\">\\</span>{closure}</span> &#8230;
      &#8250; <code class=\"php\"><span class=sf-dump-default>$carry = method_exists($pipe, $this-&gt;method)</span></code>
      &#8250; <code class=\"php\"><span class=sf-dump-const title=\"in Illuminate\\Pipeline\\Pipeline-&gt;Illuminate\\Pipeline\\{closure}\">                ? $pipe-&gt;{$this-&gt;method}(...$parameters)</span></code>
      &#8250; <code class=\"php\"><span class=sf-dump-default>                : $pipe(...$parameters);</span></code>
      <span class=sf-dump-meta>arguments</span>: { &#8230;2}
    </samp>}
    <span class=sf-dump-meta title=\"C:\\xampp\\htdocs\\apply like facebook\\active ecommer\\vendor\\laravel\\framework\\src\\Illuminate\\Http\\Middleware\\TrustProxies.php:39
Stack level 15.\"><span class=\"sf-dump-ellipsis sf-dump-ellipsis-path\">C:\\xampp\\htdocs\\apply like facebook\\active ecommer\\vendor</span><span class=\"sf-dump-ellipsis sf-dump-ellipsis-path\">\\laravel\\framework\\</span>src\\Illuminate\\Http\\Middleware\\TrustProxies.php:39</span> {<samp data-depth=3 class=sf-dump-compact>
      <span class=sf-dump-note title=\"Illuminate\\Http\\Middleware\\TrustProxies-&gt;handle(Request $request, Closure $next)
\"><span class=\"sf-dump-ellipsis sf-dump-ellipsis-note\">Illuminate\\Http\\Middleware</span><span class=\"sf-dump-ellipsis sf-dump-ellipsis-note\">\\</span>TrustProxies-&gt;handle(Request $request, Closure $next)</span> &#8230;
      &#8250; 
      &#8250; <code class=\"php\"><span class=sf-dump-const title=\"in Illuminate\\Http\\Middleware\\TrustProxies-&gt;handle(Request $request, Closure $next)\">    return $next($request);</span></code>
      &#8250; <code class=\"php\"><span class=sf-dump-default>}</span></code>
      <span class=sf-dump-meta>arguments</span>: { &#8230;1}
    </samp>}
    <span class=sf-dump-meta title=\"C:\\xampp\\htdocs\\apply like facebook\\active ecommer\\vendor\\laravel\\framework\\src\\Illuminate\\Pipeline\\Pipeline.php:183
Stack level 14.\"><span class=\"sf-dump-ellipsis sf-dump-ellipsis-path\">C:\\xampp\\htdocs\\apply like facebook\\active ecommer\\vendor</span><span class=\"sf-dump-ellipsis sf-dump-ellipsis-path\">\\laravel\\framework\\</span>src\\Illuminate\\Pipeline\\Pipeline.php:183</span> {<samp data-depth=3 class=sf-dump-compact>
      <span class=sf-dump-note title=\"Illuminate\\Pipeline\\Pipeline-&gt;Illuminate\\Pipeline\\{closure}
\"><span class=\"sf-dump-ellipsis sf-dump-ellipsis-note\">Illuminate\\Pipeline\\Pipeline-&gt;Illuminate\\Pipeline</span><span class=\"sf-dump-ellipsis sf-dump-ellipsis-note\">\\</span>{closure}</span> &#8230;
      &#8250; <code class=\"php\"><span class=sf-dump-default>$carry = method_exists($pipe, $this-&gt;method)</span></code>
      &#8250; <code class=\"php\"><span class=sf-dump-const title=\"in Illuminate\\Pipeline\\Pipeline-&gt;Illuminate\\Pipeline\\{closure}\">                ? $pipe-&gt;{$this-&gt;method}(...$parameters)</span></code>
      &#8250; <code class=\"php\"><span class=sf-dump-default>                : $pipe(...$parameters);</span></code>
      <span class=sf-dump-meta>arguments</span>: { &#8230;2}
    </samp>}
    <span class=sf-dump-meta title=\"C:\\xampp\\htdocs\\apply like facebook\\active ecommer\\vendor\\laravel\\framework\\src\\Illuminate\\Foundation\\Http\\Middleware\\TransformsRequest.php:21
Stack level 13.\"><span class=\"sf-dump-ellipsis sf-dump-ellipsis-path\">C:\\xampp\\htdocs\\apply like facebook\\active ecommer\\vendor</span><span class=\"sf-dump-ellipsis sf-dump-ellipsis-path\">\\laravel\\framework\\</span>src\\Illuminate\\Foundation\\Http\\Middleware\\TransformsRequest.php:21</span> {<samp data-depth=3 class=sf-dump-compact>
      <span class=sf-dump-note title=\"Illuminate\\Foundation\\Http\\Middleware\\TransformsRequest-&gt;handle($request, Closure $next)
\"><span class=\"sf-dump-ellipsis sf-dump-ellipsis-note\">Illuminate\\Foundation\\Http\\Middleware</span><span class=\"sf-dump-ellipsis sf-dump-ellipsis-note\">\\</span>TransformsRequest-&gt;handle($request, Closure $next)</span> &#8230;
      &#8250; 
      &#8250; <code class=\"php\"><span class=sf-dump-const title=\"in Illuminate\\Foundation\\Http\\Middleware\\TransformsRequest-&gt;handle($request, Closure $next)\">    return $next($request);</span></code>
      &#8250; <code class=\"php\"><span class=sf-dump-default>}</span></code>
      <span class=sf-dump-meta>arguments</span>: { &#8230;1}
    </samp>}
    <span class=sf-dump-meta title=\"C:\\xampp\\htdocs\\apply like facebook\\active ecommer\\vendor\\laravel\\framework\\src\\Illuminate\\Foundation\\Http\\Middleware\\ConvertEmptyStringsToNull.php:31
Stack level 12.\"><span class=\"sf-dump-ellipsis sf-dump-ellipsis-path\">C:\\xampp\\htdocs\\apply like facebook\\active ecommer\\vendor</span><span class=\"sf-dump-ellipsis sf-dump-ellipsis-path\">\\laravel\\framework\\</span>src\\Illuminate\\Foundation\\Http\\Middleware\\ConvertEmptyStringsToNull.php:31</span> {<samp data-depth=3 class=sf-dump-compact>
      <span class=sf-dump-note title=\"Illuminate\\Foundation\\Http\\Middleware\\ConvertEmptyStringsToNull-&gt;handle($request, Closure $next)
\"><span class=\"sf-dump-ellipsis sf-dump-ellipsis-note\">Illuminate\\Foundation\\Http\\Middleware</span><span class=\"sf-dump-ellipsis sf-dump-ellipsis-note\">\\</span>ConvertEmptyStringsToNull-&gt;handle($request, Closure $next)</span> &#8230;
      &#8250; 
      &#8250; <code class=\"php\"><span class=sf-dump-const title=\"in Illuminate\\Foundation\\Http\\Middleware\\ConvertEmptyStringsToNull-&gt;handle($request, Closure $next)\">    return parent::handle($request, $next);</span></code>
      &#8250; <code class=\"php\"><span class=sf-dump-default>}</span></code>
      <span class=sf-dump-meta>arguments</span>: { &#8230;2}
    </samp>}
    <span class=sf-dump-meta title=\"C:\\xampp\\htdocs\\apply like facebook\\active ecommer\\vendor\\laravel\\framework\\src\\Illuminate\\Pipeline\\Pipeline.php:183
Stack level 11.\"><span class=\"sf-dump-ellipsis sf-dump-ellipsis-path\">C:\\xampp\\htdocs\\apply like facebook\\active ecommer\\vendor</span><span class=\"sf-dump-ellipsis sf-dump-ellipsis-path\">\\laravel\\framework\\</span>src\\Illuminate\\Pipeline\\Pipeline.php:183</span> {<samp data-depth=3 class=sf-dump-compact>
      <span class=sf-dump-note title=\"Illuminate\\Pipeline\\Pipeline-&gt;Illuminate\\Pipeline\\{closure}
\"><span class=\"sf-dump-ellipsis sf-dump-ellipsis-note\">Illuminate\\Pipeline\\Pipeline-&gt;Illuminate\\Pipeline</span><span class=\"sf-dump-ellipsis sf-dump-ellipsis-note\">\\</span>{closure}</span> &#8230;
      &#8250; <code class=\"php\"><span class=sf-dump-default>$carry = method_exists($pipe, $this-&gt;method)</span></code>
      &#8250; <code class=\"php\"><span class=sf-dump-const title=\"in Illuminate\\Pipeline\\Pipeline-&gt;Illuminate\\Pipeline\\{closure}\">                ? $pipe-&gt;{$this-&gt;method}(...$parameters)</span></code>
      &#8250; <code class=\"php\"><span class=sf-dump-default>                : $pipe(...$parameters);</span></code>
      <span class=sf-dump-meta>arguments</span>: { &#8230;2}
    </samp>}
    <span class=sf-dump-meta title=\"C:\\xampp\\htdocs\\apply like facebook\\active ecommer\\vendor\\laravel\\framework\\src\\Illuminate\\Foundation\\Http\\Middleware\\TransformsRequest.php:21
Stack level 10.\"><span class=\"sf-dump-ellipsis sf-dump-ellipsis-path\">C:\\xampp\\htdocs\\apply like facebook\\active ecommer\\vendor</span><span class=\"sf-dump-ellipsis sf-dump-ellipsis-path\">\\laravel\\framework\\</span>src\\Illuminate\\Foundation\\Http\\Middleware\\TransformsRequest.php:21</span> {<samp data-depth=3 class=sf-dump-compact>
      <span class=sf-dump-note title=\"Illuminate\\Foundation\\Http\\Middleware\\TransformsRequest-&gt;handle($request, Closure $next)
\"><span class=\"sf-dump-ellipsis sf-dump-ellipsis-note\">Illuminate\\Foundation\\Http\\Middleware</span><span class=\"sf-dump-ellipsis sf-dump-ellipsis-note\">\\</span>TransformsRequest-&gt;handle($request, Closure $next)</span> &#8230;
      &#8250; 
      &#8250; <code class=\"php\"><span class=sf-dump-const title=\"in Illuminate\\Foundation\\Http\\Middleware\\TransformsRequest-&gt;handle($request, Closure $next)\">    return $next($request);</span></code>
      &#8250; <code class=\"php\"><span class=sf-dump-default>}</span></code>
      <span class=sf-dump-meta>arguments</span>: { &#8230;1}
    </samp>}
    <span class=sf-dump-meta title=\"C:\\xampp\\htdocs\\apply like facebook\\active ecommer\\vendor\\laravel\\framework\\src\\Illuminate\\Foundation\\Http\\Middleware\\TrimStrings.php:40
Stack level 9.\"><span class=\"sf-dump-ellipsis sf-dump-ellipsis-path\">C:\\xampp\\htdocs\\apply like facebook\\active ecommer\\vendor</span><span class=\"sf-dump-ellipsis sf-dump-ellipsis-path\">\\laravel\\framework\\</span>src\\Illuminate\\Foundation\\Http\\Middleware\\TrimStrings.php:40</span> {<samp data-depth=3 class=sf-dump-compact>
      <span class=sf-dump-note title=\"Illuminate\\Foundation\\Http\\Middleware\\TrimStrings-&gt;handle($request, Closure $next)
\"><span class=\"sf-dump-ellipsis sf-dump-ellipsis-note\">Illuminate\\Foundation\\Http\\Middleware</span><span class=\"sf-dump-ellipsis sf-dump-ellipsis-note\">\\</span>TrimStrings-&gt;handle($request, Closure $next)</span> &#8230;
      &#8250; 
      &#8250; <code class=\"php\"><span class=sf-dump-const title=\"in Illuminate\\Foundation\\Http\\Middleware\\TrimStrings-&gt;handle($request, Closure $next)\">    return parent::handle($request, $next);</span></code>
      &#8250; <code class=\"php\"><span class=sf-dump-default>}</span></code>
      <span class=sf-dump-meta>arguments</span>: { &#8230;2}
    </samp>}
    <span class=sf-dump-meta title=\"C:\\xampp\\htdocs\\apply like facebook\\active ecommer\\vendor\\laravel\\framework\\src\\Illuminate\\Pipeline\\Pipeline.php:183
Stack level 8.\"><span class=\"sf-dump-ellipsis sf-dump-ellipsis-path\">C:\\xampp\\htdocs\\apply like facebook\\active ecommer\\vendor</span><span class=\"sf-dump-ellipsis sf-dump-ellipsis-path\">\\laravel\\framework\\</span>src\\Illuminate\\Pipeline\\Pipeline.php:183</span> {<samp data-depth=3 class=sf-dump-compact>
      <span class=sf-dump-note title=\"Illuminate\\Pipeline\\Pipeline-&gt;Illuminate\\Pipeline\\{closure}
\"><span class=\"sf-dump-ellipsis sf-dump-ellipsis-note\">Illuminate\\Pipeline\\Pipeline-&gt;Illuminate\\Pipeline</span><span class=\"sf-dump-ellipsis sf-dump-ellipsis-note\">\\</span>{closure}</span> &#8230;
      &#8250; <code class=\"php\"><span class=sf-dump-default>$carry = method_exists($pipe, $this-&gt;method)</span></code>
      &#8250; <code class=\"php\"><span class=sf-dump-const title=\"in Illuminate\\Pipeline\\Pipeline-&gt;Illuminate\\Pipeline\\{closure}\">                ? $pipe-&gt;{$this-&gt;method}(...$parameters)</span></code>
      &#8250; <code class=\"php\"><span class=sf-dump-default>                : $pipe(...$parameters);</span></code>
      <span class=sf-dump-meta>arguments</span>: { &#8230;2}
    </samp>}
    <span class=sf-dump-meta title=\"C:\\xampp\\htdocs\\apply like facebook\\active ecommer\\vendor\\laravel\\framework\\src\\Illuminate\\Foundation\\Http\\Middleware\\ValidatePostSize.php:27
Stack level 7.\"><span class=\"sf-dump-ellipsis sf-dump-ellipsis-path\">C:\\xampp\\htdocs\\apply like facebook\\active ecommer\\vendor</span><span class=\"sf-dump-ellipsis sf-dump-ellipsis-path\">\\laravel\\framework\\</span>src\\Illuminate\\Foundation\\Http\\Middleware\\ValidatePostSize.php:27</span> {<samp data-depth=3 class=sf-dump-compact>
      <span class=sf-dump-note title=\"Illuminate\\Foundation\\Http\\Middleware\\ValidatePostSize-&gt;handle($request, Closure $next)
\"><span class=\"sf-dump-ellipsis sf-dump-ellipsis-note\">Illuminate\\Foundation\\Http\\Middleware</span><span class=\"sf-dump-ellipsis sf-dump-ellipsis-note\">\\</span>ValidatePostSize-&gt;handle($request, Closure $next)</span> &#8230;
      &#8250; 
      &#8250; <code class=\"php\"><span class=sf-dump-const title=\"in Illuminate\\Foundation\\Http\\Middleware\\ValidatePostSize-&gt;handle($request, Closure $next)\">    return $next($request);</span></code>
      &#8250; <code class=\"php\"><span class=sf-dump-default>}</span></code>
      <span class=sf-dump-meta>arguments</span>: { &#8230;1}
    </samp>}
    <span class=sf-dump-meta title=\"C:\\xampp\\htdocs\\apply like facebook\\active ecommer\\vendor\\laravel\\framework\\src\\Illuminate\\Pipeline\\Pipeline.php:183
Stack level 6.\"><span class=\"sf-dump-ellipsis sf-dump-ellipsis-path\">C:\\xampp\\htdocs\\apply like facebook\\active ecommer\\vendor</span><span class=\"sf-dump-ellipsis sf-dump-ellipsis-path\">\\laravel\\framework\\</span>src\\Illuminate\\Pipeline\\Pipeline.php:183</span> {<samp data-depth=3 class=sf-dump-compact>
      <span class=sf-dump-note title=\"Illuminate\\Pipeline\\Pipeline-&gt;Illuminate\\Pipeline\\{closure}
\"><span class=\"sf-dump-ellipsis sf-dump-ellipsis-note\">Illuminate\\Pipeline\\Pipeline-&gt;Illuminate\\Pipeline</span><span class=\"sf-dump-ellipsis sf-dump-ellipsis-note\">\\</span>{closure}</span> &#8230;
      &#8250; <code class=\"php\"><span class=sf-dump-default>$carry = method_exists($pipe, $this-&gt;method)</span></code>
      &#8250; <code class=\"php\"><span class=sf-dump-const title=\"in Illuminate\\Pipeline\\Pipeline-&gt;Illuminate\\Pipeline\\{closure}\">                ? $pipe-&gt;{$this-&gt;method}(...$parameters)</span></code>
      &#8250; <code class=\"php\"><span class=sf-dump-default>                : $pipe(...$parameters);</span></code>
      <span class=sf-dump-meta>arguments</span>: { &#8230;2}
    </samp>}
    <span class=sf-dump-meta title=\"C:\\xampp\\htdocs\\apply like facebook\\active ecommer\\vendor\\laravel\\framework\\src\\Illuminate\\Pipeline\\Pipeline.php:119
Stack level 5.\"><span class=\"sf-dump-ellipsis sf-dump-ellipsis-path\">C:\\xampp\\htdocs\\apply like facebook\\active ecommer\\vendor</span><span class=\"sf-dump-ellipsis sf-dump-ellipsis-path\">\\laravel\\framework\\</span>src\\Illuminate\\Pipeline\\Pipeline.php:119</span> {<samp data-depth=3 class=sf-dump-compact>
      <span class=sf-dump-note title=\"Illuminate\\Pipeline\\Pipeline-&gt;then(Closure $destination)
\"><span class=\"sf-dump-ellipsis sf-dump-ellipsis-note\">Illuminate\\Pipeline</span><span class=\"sf-dump-ellipsis sf-dump-ellipsis-note\">\\</span>Pipeline-&gt;then(Closure $destination)</span> &#8230;
      &#8250; 
      &#8250; <code class=\"php\"><span class=sf-dump-const title=\"in Illuminate\\Pipeline\\Pipeline-&gt;then(Closure $destination)\">    return $pipeline($this-&gt;passable);</span></code>
      &#8250; <code class=\"php\"><span class=sf-dump-default>}</span></code>
      <span class=sf-dump-meta>arguments</span>: { &#8230;1}
    </samp>}
    <span class=sf-dump-meta title=\"C:\\xampp\\htdocs\\apply like facebook\\active ecommer\\vendor\\laravel\\framework\\src\\Illuminate\\Foundation\\Http\\Kernel.php:175
Stack level 4.\"><span class=\"sf-dump-ellipsis sf-dump-ellipsis-path\">C:\\xampp\\htdocs\\apply like facebook\\active ecommer\\vendor</span><span class=\"sf-dump-ellipsis sf-dump-ellipsis-path\">\\laravel\\framework\\</span>src\\Illuminate\\Foundation\\Http\\Kernel.php:175</span> {<samp data-depth=3 class=sf-dump-compact>
      <span class=sf-dump-note title=\"Illuminate\\Foundation\\Http\\Kernel-&gt;sendRequestThroughRouter($request)
\"><span class=\"sf-dump-ellipsis sf-dump-ellipsis-note\">Illuminate\\Foundation\\Http</span><span class=\"sf-dump-ellipsis sf-dump-ellipsis-note\">\\</span>Kernel-&gt;sendRequestThroughRouter($request)</span> &#8230;
      &#8250; <code class=\"php\"><span class=sf-dump-default>                -&gt;through($this-&gt;app-&gt;shouldSkipMiddleware() ? [] : $this-&gt;middleware)</span></code>
      &#8250; <code class=\"php\"><span class=sf-dump-const title=\"in Illuminate\\Foundation\\Http\\Kernel-&gt;sendRequestThroughRouter($request)\">                -&gt;then($this-&gt;dispatchToRouter());</span></code>
      &#8250; <code class=\"php\"><span class=sf-dump-default>}</span></code>
      <span class=sf-dump-meta>arguments</span>: { &#8230;1}
    </samp>}
    <span class=sf-dump-meta title=\"C:\\xampp\\htdocs\\apply like facebook\\active ecommer\\vendor\\laravel\\framework\\src\\Illuminate\\Foundation\\Http\\Kernel.php:144
Stack level 3.\"><span class=\"sf-dump-ellipsis sf-dump-ellipsis-path\">C:\\xampp\\htdocs\\apply like facebook\\active ecommer\\vendor</span><span class=\"sf-dump-ellipsis sf-dump-ellipsis-path\">\\laravel\\framework\\</span>src\\Illuminate\\Foundation\\Http\\Kernel.php:144</span> {<samp data-depth=3 class=sf-dump-compact>
      <span class=sf-dump-note title=\"Illuminate\\Foundation\\Http\\Kernel-&gt;handle($request)
\"><span class=\"sf-dump-ellipsis sf-dump-ellipsis-note\">Illuminate\\Foundation\\Http</span><span class=\"sf-dump-ellipsis sf-dump-ellipsis-note\">\\</span>Kernel-&gt;handle($request)</span> &#8230;
      &#8250; 
      &#8250; <code class=\"php\"><span class=sf-dump-const title=\"in Illuminate\\Foundation\\Http\\Kernel-&gt;handle($request)\">    $response = $this-&gt;sendRequestThroughRouter($request);</span></code>
      &#8250; <code class=\"php\"><span class=sf-dump-default>} catch (Throwable $e) {</span></code>
      <span class=sf-dump-meta>arguments</span>: { &#8230;1}
    </samp>}
    <span class=sf-dump-meta title=\"C:\\xampp\\htdocs\\apply like facebook\\active ecommer\\public\\index.php:56
Stack level 2.\"><span class=\"sf-dump-ellipsis sf-dump-ellipsis-path\">C:\\xampp\\htdocs\\apply like facebook\\active ecommer</span><span class=\"sf-dump-ellipsis sf-dump-ellipsis-path\">\\</span>public\\index.php:56</span> {<samp data-depth=3 class=sf-dump-compact>
      <span class=sf-dump-note>require_once</span> &#8230;
      &#8250; 
      &#8250; <code class=\"php\"><span class=sf-dump-const title=\"in require_once\">$response = $kernel-&gt;handle(</span></code>
      &#8250; <code class=\"php\"><span class=sf-dump-default>    $request = Illuminate\\Http\\Request::capture()</span></code>
      <span class=sf-dump-meta>arguments</span>: { &#8230;1}
    </samp>}
    <span class=sf-dump-meta title=\"C:\\xampp\\htdocs\\apply like facebook\\active ecommer\\server.php:21
Stack level 1.\"><span class=\"sf-dump-ellipsis sf-dump-ellipsis-path\">C:\\xampp\\htdocs\\apply like facebook\\active ecommer</span><span class=\"sf-dump-ellipsis sf-dump-ellipsis-path\">\\</span>server.php:21</span> {<samp data-depth=3 class=sf-dump-compact>
      &#8250; <code class=\"php\"><span class=sf-dump-default><span class=\"sf-dump-default sf-dump-ns\">\\r</span></span></code>
      &#8250; <code class=\"php\"><span class=sf-dump-const title=\"\">require_once __DIR__.&#039;/public/index.php&#039;;<span class=\"sf-dump-default sf-dump-ns\">\\r</span></span></code>
      &#8250; 
      <span class=sf-dump-meta>arguments</span>: { &#8230;1}
    </samp>}
  </samp>}
</samp>}
</pre><script>Sfdump(\"sf-dump-733614980\", {\"maxDepth\":3,\"maxStringLength\":160})</script>
"}},"userId":9,"exception":"[object] (Spatie\\LaravelIgnition\\Exceptions\\ViewException(code: 0): No connection could be made because the target machine actively refused it [tcp://127.0.0.1:6379] at C:\\xampp\\htdocs\\apply like facebook\\active ecommer\\vendor\\predis\\predis\\src\\Connection\\AbstractConnection.php:144)
[stacktrace]
#0 C:\\xampp\\htdocs\\apply like facebook\\active ecommer\\vendor\\predis\\predis\\src\\Connection\\StreamConnection.php(109): Predis\\Connection\\AbstractConnection->onConnectionError('No connection c...', 10061)
#1 C:\\xampp\\htdocs\\apply like facebook\\active ecommer\\vendor\\predis\\predis\\src\\Connection\\StreamConnection.php(154): Predis\\Connection\\StreamConnection->createStreamSocket(Object(Predis\\Connection\\Parameters), 'tcp://127.0.0.1...', 4)
#2 C:\\xampp\\htdocs\\apply like facebook\\active ecommer\\vendor\\predis\\predis\\src\\Connection\\StreamConnection.php(80): Predis\\Connection\\StreamConnection->tcpStreamInitializer(Object(Predis\\Connection\\Parameters))
#3 C:\\xampp\\htdocs\\apply like facebook\\active ecommer\\vendor\\predis\\predis\\src\\Connection\\AbstractConnection.php(85): Predis\\Connection\\StreamConnection->createResource()
#4 C:\\xampp\\htdocs\\apply like facebook\\active ecommer\\vendor\\predis\\predis\\src\\Connection\\StreamConnection.php(230): Predis\\Connection\\AbstractConnection->connect()
#5 C:\\xampp\\htdocs\\apply like facebook\\active ecommer\\vendor\\predis\\predis\\src\\Connection\\AbstractConnection.php(169): Predis\\Connection\\StreamConnection->connect()
#6 C:\\xampp\\htdocs\\apply like facebook\\active ecommer\\vendor\\predis\\predis\\src\\Connection\\StreamConnection.php(265): Predis\\Connection\\AbstractConnection->getResource()
#7 C:\\xampp\\htdocs\\apply like facebook\\active ecommer\\vendor\\predis\\predis\\src\\Connection\\StreamConnection.php(372): Predis\\Connection\\StreamConnection->write('*2\\r\\n$3\\r\\nGET\\r\\n$3...')
#8 C:\\xampp\\htdocs\\apply like facebook\\active ecommer\\vendor\\predis\\predis\\src\\Connection\\AbstractConnection.php(122): Predis\\Connection\\StreamConnection->writeRequest(Object(Predis\\Command\\Redis\\GET))
#9 C:\\xampp\\htdocs\\apply like facebook\\active ecommer\\vendor\\predis\\predis\\src\\Client.php(381): Predis\\Connection\\AbstractConnection->executeCommand(Object(Predis\\Command\\Redis\\GET))
#10 C:\\xampp\\htdocs\\apply like facebook\\active ecommer\\vendor\\predis\\predis\\src\\Client.php(335): Predis\\Client->executeCommand(Object(Predis\\Command\\Redis\\GET))
#11 C:\\xampp\\htdocs\\apply like facebook\\active ecommer\\vendor\\laravel\\framework\\src\\Illuminate\\Redis\\Connections\\Connection.php(116): Predis\\Client->__call('get', Array)
#12 C:\\xampp\\htdocs\\apply like facebook\\active ecommer\\vendor\\laravel\\framework\\src\\Illuminate\\Redis\\Connections\\Connection.php(229): Illuminate\\Redis\\Connections\\Connection->command('get', Array)
#13 C:\\xampp\\htdocs\\apply like facebook\\active ecommer\\vendor\\laravel\\framework\\src\\Illuminate\\Cache\\RedisStore.php(65): Illuminate\\Redis\\Connections\\Connection->__call('get', Array)
#14 C:\\xampp\\htdocs\\apply like facebook\\active ecommer\\vendor\\laravel\\framework\\src\\Illuminate\\Cache\\Repository.php(98): Illuminate\\Cache\\RedisStore->get('addons')
#15 C:\\xampp\\htdocs\\apply like facebook\\active ecommer\\vendor\\laravel\\framework\\src\\Illuminate\\Cache\\Repository.php(387): Illuminate\\Cache\\Repository->get('addons')
#16 C:\\xampp\\htdocs\\apply like facebook\\active ecommer\\vendor\\laravel\\framework\\src\\Illuminate\\Cache\\CacheManager.php(429): Illuminate\\Cache\\Repository->remember('addons', 86400, Object(Closure))
#17 C:\\xampp\\htdocs\\apply like facebook\\active ecommer\\vendor\\laravel\\framework\\src\\Illuminate\\Support\\Facades\\Facade.php(355): Illuminate\\Cache\\CacheManager->__call('remember', Array)
#18 C:\\xampp\\htdocs\\apply like facebook\\active ecommer\\app\\Http\\Helpers.php(1687): Illuminate\\Support\\Facades\\Facade::__callStatic('remember', Array)
#19 C:\\xampp\\htdocs\\apply like facebook\\active ecommer\\resources\\views\\errors\\404.blade.php(1): addon_is_activated('portfolio_syste...')
#20 C:\\xampp\\htdocs\\apply like facebook\\active ecommer\\vendor\\laravel\\framework\\src\\Illuminate\\Filesystem\\Filesystem.php(123): require('C:\\\\xampp\\\\htdocs...')
#21 C:\\xampp\\htdocs\\apply like facebook\\active ecommer\\vendor\\laravel\\framework\\src\\Illuminate\\Filesystem\\Filesystem.php(124): Illuminate\\Filesystem\\Filesystem::Illuminate\\Filesystem\\{closure}()
#22 C:\\xampp\\htdocs\\apply like facebook\\active ecommer\\vendor\\laravel\\framework\\src\\Illuminate\\View\\Engines\\PhpEngine.php(58): Illuminate\\Filesystem\\Filesystem->getRequire('C:\\\\xampp\\\\htdocs...', Array)
#23 C:\\xampp\\htdocs\\apply like facebook\\active ecommer\\vendor\\laravel\\framework\\src\\Illuminate\\View\\Engines\\CompilerEngine.php(72): Illuminate\\View\\Engines\\PhpEngine->evaluatePath('C:\\\\xampp\\\\htdocs...', Array)
#24 C:\\xampp\\htdocs\\apply like facebook\\active ecommer\\vendor\\laravel\\framework\\src\\Illuminate\\View\\View.php(207): Illuminate\\View\\Engines\\CompilerEngine->get('C:\\\\xampp\\\\htdocs...', Array)
#25 C:\\xampp\\htdocs\\apply like facebook\\active ecommer\\vendor\\laravel\\framework\\src\\Illuminate\\View\\View.php(190): Illuminate\\View\\View->getContents()
#26 C:\\xampp\\htdocs\\apply like facebook\\active ecommer\\vendor\\laravel\\framework\\src\\Illuminate\\View\\View.php(159): Illuminate\\View\\View->renderContents()
#27 C:\\xampp\\htdocs\\apply like facebook\\active ecommer\\vendor\\laravel\\framework\\src\\Illuminate\\Http\\Response.php(69): Illuminate\\View\\View->render()
#28 C:\\xampp\\htdocs\\apply like facebook\\active ecommer\\vendor\\laravel\\framework\\src\\Illuminate\\Http\\Response.php(35): Illuminate\\Http\\Response->setContent(Object(Illuminate\\View\\View))
#29 C:\\xampp\\htdocs\\apply like facebook\\active ecommer\\vendor\\laravel\\framework\\src\\Illuminate\\Routing\\ResponseFactory.php(58): Illuminate\\Http\\Response->__construct(Object(Illuminate\\View\\View), 404, Array)
#30 C:\\xampp\\htdocs\\apply like facebook\\active ecommer\\vendor\\laravel\\framework\\src\\Illuminate\\Routing\\ResponseFactory.php(88): Illuminate\\Routing\\ResponseFactory->make(Object(Illuminate\\View\\View), 404, Array)
#31 C:\\xampp\\htdocs\\apply like facebook\\active ecommer\\vendor\\laravel\\framework\\src\\Illuminate\\Foundation\\Exceptions\\Handler.php(723): Illuminate\\Routing\\ResponseFactory->view('errors::404', Array, 404, Array)
#32 C:\\xampp\\htdocs\\apply like facebook\\active ecommer\\vendor\\laravel\\framework\\src\\Illuminate\\Foundation\\Exceptions\\Handler.php(650): Illuminate\\Foundation\\Exceptions\\Handler->renderHttpException(Object(Symfony\\Component\\HttpKernel\\Exception\\NotFoundHttpException))
#33 C:\\xampp\\htdocs\\apply like facebook\\active ecommer\\vendor\\laravel\\framework\\src\\Illuminate\\Foundation\\Exceptions\\Handler.php(556): Illuminate\\Foundation\\Exceptions\\Handler->prepareResponse(Object(Illuminate\\Http\\Request), Object(Symfony\\Component\\HttpKernel\\Exception\\NotFoundHttpException))
#34 C:\\xampp\\htdocs\\apply like facebook\\active ecommer\\vendor\\laravel\\framework\\src\\Illuminate\\Foundation\\Exceptions\\Handler.php(473): Illuminate\\Foundation\\Exceptions\\Handler->renderExceptionResponse(Object(Illuminate\\Http\\Request), Object(Symfony\\Component\\HttpKernel\\Exception\\NotFoundHttpException))
#35 C:\\xampp\\htdocs\\apply like facebook\\active ecommer\\app\\Exceptions\\Handler.php(55): Illuminate\\Foundation\\Exceptions\\Handler->render(Object(Illuminate\\Http\\Request), Object(Symfony\\Component\\HttpKernel\\Exception\\NotFoundHttpException))
#36 C:\\xampp\\htdocs\\apply like facebook\\active ecommer\\vendor\\laravel\\framework\\src\\Illuminate\\Routing\\Pipeline.php(51): App\\Exceptions\\Handler->render(Object(Illuminate\\Http\\Request), Object(Symfony\\Component\\HttpKernel\\Exception\\NotFoundHttpException))
#37 C:\\xampp\\htdocs\\apply like facebook\\active ecommer\\vendor\\laravel\\framework\\src\\Illuminate\\Pipeline\\Pipeline.php(146): Illuminate\\Routing\\Pipeline->handleException(Object(Illuminate\\Http\\Request), Object(Symfony\\Component\\HttpKernel\\Exception\\NotFoundHttpException))
#38 C:\\xampp\\htdocs\\apply like facebook\\active ecommer\\vendor\\barryvdh\\laravel-debugbar\\src\\Middleware\\InjectDebugbar.php(66): Illuminate\\Pipeline\\Pipeline->Illuminate\\Pipeline\\{closure}(Object(Illuminate\\Http\\Request))
#39 C:\\xampp\\htdocs\\apply like facebook\\active ecommer\\vendor\\laravel\\framework\\src\\Illuminate\\Pipeline\\Pipeline.php(183): Barryvdh\\Debugbar\\Middleware\\InjectDebugbar->handle(Object(Illuminate\\Http\\Request), Object(Closure))
#40 C:\\xampp\\htdocs\\apply like facebook\\active ecommer\\vendor\\laravel\\framework\\src\\Illuminate\\View\\Middleware\\ShareErrorsFromSession.php(49): Illuminate\\Pipeline\\Pipeline->Illuminate\\Pipeline\\{closure}(Object(Illuminate\\Http\\Request))
#41 C:\\xampp\\htdocs\\apply like facebook\\active ecommer\\vendor\\laravel\\framework\\src\\Illuminate\\Pipeline\\Pipeline.php(183): Illuminate\\View\\Middleware\\ShareErrorsFromSession->handle(Object(Illuminate\\Http\\Request), Object(Closure))
#42 C:\\xampp\\htdocs\\apply like facebook\\active ecommer\\vendor\\laravel\\framework\\src\\Illuminate\\Session\\Middleware\\StartSession.php(121): Illuminate\\Pipeline\\Pipeline->Illuminate\\Pipeline\\{closure}(Object(Illuminate\\Http\\Request))
#43 C:\\xampp\\htdocs\\apply like facebook\\active ecommer\\vendor\\laravel\\framework\\src\\Illuminate\\Session\\Middleware\\StartSession.php(64): Illuminate\\Session\\Middleware\\StartSession->handleStatefulRequest(Object(Illuminate\\Http\\Request), Object(Illuminate\\Session\\Store), Object(Closure))
#44 C:\\xampp\\htdocs\\apply like facebook\\active ecommer\\vendor\\laravel\\framework\\src\\Illuminate\\Pipeline\\Pipeline.php(183): Illuminate\\Session\\Middleware\\StartSession->handle(Object(Illuminate\\Http\\Request), Object(Closure))
#45 C:\\xampp\\htdocs\\apply like facebook\\active ecommer\\vendor\\laravel\\framework\\src\\Illuminate\\Http\\Middleware\\TrustProxies.php(39): Illuminate\\Pipeline\\Pipeline->Illuminate\\Pipeline\\{closure}(Object(Illuminate\\Http\\Request))
#46 C:\\xampp\\htdocs\\apply like facebook\\active ecommer\\vendor\\laravel\\framework\\src\\Illuminate\\Pipeline\\Pipeline.php(183): Illuminate\\Http\\Middleware\\TrustProxies->handle(Object(Illuminate\\Http\\Request), Object(Closure))
#47 C:\\xampp\\htdocs\\apply like facebook\\active ecommer\\vendor\\laravel\\framework\\src\\Illuminate\\Foundation\\Http\\Middleware\\TransformsRequest.php(21): Illuminate\\Pipeline\\Pipeline->Illuminate\\Pipeline\\{closure}(Object(Illuminate\\Http\\Request))
#48 C:\\xampp\\htdocs\\apply like facebook\\active ecommer\\vendor\\laravel\\framework\\src\\Illuminate\\Foundation\\Http\\Middleware\\ConvertEmptyStringsToNull.php(31): Illuminate\\Foundation\\Http\\Middleware\\TransformsRequest->handle(Object(Illuminate\\Http\\Request), Object(Closure))
#49 C:\\xampp\\htdocs\\apply like facebook\\active ecommer\\vendor\\laravel\\framework\\src\\Illuminate\\Pipeline\\Pipeline.php(183): Illuminate\\Foundation\\Http\\Middleware\\ConvertEmptyStringsToNull->handle(Object(Illuminate\\Http\\Request), Object(Closure))
#50 C:\\xampp\\htdocs\\apply like facebook\\active ecommer\\vendor\\laravel\\framework\\src\\Illuminate\\Foundation\\Http\\Middleware\\TransformsRequest.php(21): Illuminate\\Pipeline\\Pipeline->Illuminate\\Pipeline\\{closure}(Object(Illuminate\\Http\\Request))
#51 C:\\xampp\\htdocs\\apply like facebook\\active ecommer\\vendor\\laravel\\framework\\src\\Illuminate\\Foundation\\Http\\Middleware\\TrimStrings.php(40): Illuminate\\Foundation\\Http\\Middleware\\TransformsRequest->handle(Object(Illuminate\\Http\\Request), Object(Closure))
#52 C:\\xampp\\htdocs\\apply like facebook\\active ecommer\\vendor\\laravel\\framework\\src\\Illuminate\\Pipeline\\Pipeline.php(183): Illuminate\\Foundation\\Http\\Middleware\\TrimStrings->handle(Object(Illuminate\\Http\\Request), Object(Closure))
#53 C:\\xampp\\htdocs\\apply like facebook\\active ecommer\\vendor\\laravel\\framework\\src\\Illuminate\\Foundation\\Http\\Middleware\\ValidatePostSize.php(27): Illuminate\\Pipeline\\Pipeline->Illuminate\\Pipeline\\{closure}(Object(Illuminate\\Http\\Request))
#54 C:\\xampp\\htdocs\\apply like facebook\\active ecommer\\vendor\\laravel\\framework\\src\\Illuminate\\Pipeline\\Pipeline.php(183): Illuminate\\Foundation\\Http\\Middleware\\ValidatePostSize->handle(Object(Illuminate\\Http\\Request), Object(Closure))
#55 C:\\xampp\\htdocs\\apply like facebook\\active ecommer\\vendor\\laravel\\framework\\src\\Illuminate\\Pipeline\\Pipeline.php(119): Illuminate\\Pipeline\\Pipeline->Illuminate\\Pipeline\\{closure}(Object(Illuminate\\Http\\Request))
#56 C:\\xampp\\htdocs\\apply like facebook\\active ecommer\\vendor\\laravel\\framework\\src\\Illuminate\\Foundation\\Http\\Kernel.php(175): Illuminate\\Pipeline\\Pipeline->then(Object(Closure))
#57 C:\\xampp\\htdocs\\apply like facebook\\active ecommer\\vendor\\laravel\\framework\\src\\Illuminate\\Foundation\\Http\\Kernel.php(144): Illuminate\\Foundation\\Http\\Kernel->sendRequestThroughRouter(Object(Illuminate\\Http\\Request))
#58 C:\\xampp\\htdocs\\apply like facebook\\active ecommer\\public\\index.php(56): Illuminate\\Foundation\\Http\\Kernel->handle(Object(Illuminate\\Http\\Request))
#59 C:\\xampp\\htdocs\\apply like facebook\\active ecommer\\server.php(21): require_once('C:\\\\xampp\\\\htdocs...')
#60 {main}

[previous exception] [object] (Predis\\Connection\\ConnectionException(code: 10061): No connection could be made because the target machine actively refused it [tcp://127.0.0.1:6379] at C:\\xampp\\htdocs\\apply like facebook\\active ecommer\\vendor\\predis\\predis\\src\\Connection\\AbstractConnection.php:144)
[stacktrace]
#0 C:\\xampp\\htdocs\\apply like facebook\\active ecommer\\vendor\\predis\\predis\\src\\Connection\\StreamConnection.php(109): Predis\\Connection\\AbstractConnection->onConnectionError('No connection c...', 10061)
#1 C:\\xampp\\htdocs\\apply like facebook\\active ecommer\\vendor\\predis\\predis\\src\\Connection\\StreamConnection.php(154): Predis\\Connection\\StreamConnection->createStreamSocket(Object(Predis\\Connection\\Parameters), 'tcp://127.0.0.1...', 4)
#2 C:\\xampp\\htdocs\\apply like facebook\\active ecommer\\vendor\\predis\\predis\\src\\Connection\\StreamConnection.php(80): Predis\\Connection\\StreamConnection->tcpStreamInitializer(Object(Predis\\Connection\\Parameters))
#3 C:\\xampp\\htdocs\\apply like facebook\\active ecommer\\vendor\\predis\\predis\\src\\Connection\\AbstractConnection.php(85): Predis\\Connection\\StreamConnection->createResource()
#4 C:\\xampp\\htdocs\\apply like facebook\\active ecommer\\vendor\\predis\\predis\\src\\Connection\\StreamConnection.php(230): Predis\\Connection\\AbstractConnection->connect()
#5 C:\\xampp\\htdocs\\apply like facebook\\active ecommer\\vendor\\predis\\predis\\src\\Connection\\AbstractConnection.php(169): Predis\\Connection\\StreamConnection->connect()
#6 C:\\xampp\\htdocs\\apply like facebook\\active ecommer\\vendor\\predis\\predis\\src\\Connection\\StreamConnection.php(265): Predis\\Connection\\AbstractConnection->getResource()
#7 C:\\xampp\\htdocs\\apply like facebook\\active ecommer\\vendor\\predis\\predis\\src\\Connection\\StreamConnection.php(372): Predis\\Connection\\StreamConnection->write('*2\\r\\n$3\\r\\nGET\\r\\n$3...')
#8 C:\\xampp\\htdocs\\apply like facebook\\active ecommer\\vendor\\predis\\predis\\src\\Connection\\AbstractConnection.php(122): Predis\\Connection\\StreamConnection->writeRequest(Object(Predis\\Command\\Redis\\GET))
#9 C:\\xampp\\htdocs\\apply like facebook\\active ecommer\\vendor\\predis\\predis\\src\\Client.php(381): Predis\\Connection\\AbstractConnection->executeCommand(Object(Predis\\Command\\Redis\\GET))
#10 C:\\xampp\\htdocs\\apply like facebook\\active ecommer\\vendor\\predis\\predis\\src\\Client.php(335): Predis\\Client->executeCommand(Object(Predis\\Command\\Redis\\GET))
#11 C:\\xampp\\htdocs\\apply like facebook\\active ecommer\\vendor\\laravel\\framework\\src\\Illuminate\\Redis\\Connections\\Connection.php(116): Predis\\Client->__call('get', Array)
#12 C:\\xampp\\htdocs\\apply like facebook\\active ecommer\\vendor\\laravel\\framework\\src\\Illuminate\\Redis\\Connections\\Connection.php(229): Illuminate\\Redis\\Connections\\Connection->command('get', Array)
#13 C:\\xampp\\htdocs\\apply like facebook\\active ecommer\\vendor\\laravel\\framework\\src\\Illuminate\\Cache\\RedisStore.php(65): Illuminate\\Redis\\Connections\\Connection->__call('get', Array)
#14 C:\\xampp\\htdocs\\apply like facebook\\active ecommer\\vendor\\laravel\\framework\\src\\Illuminate\\Cache\\Repository.php(98): Illuminate\\Cache\\RedisStore->get('addons')
#15 C:\\xampp\\htdocs\\apply like facebook\\active ecommer\\vendor\\laravel\\framework\\src\\Illuminate\\Cache\\Repository.php(387): Illuminate\\Cache\\Repository->get('addons')
#16 C:\\xampp\\htdocs\\apply like facebook\\active ecommer\\vendor\\laravel\\framework\\src\\Illuminate\\Cache\\CacheManager.php(429): Illuminate\\Cache\\Repository->remember('addons', 86400, Object(Closure))
#17 C:\\xampp\\htdocs\\apply like facebook\\active ecommer\\vendor\\laravel\\framework\\src\\Illuminate\\Support\\Facades\\Facade.php(355): Illuminate\\Cache\\CacheManager->__call('remember', Array)
#18 C:\\xampp\\htdocs\\apply like facebook\\active ecommer\\app\\Http\\Helpers.php(1687): Illuminate\\Support\\Facades\\Facade::__callStatic('remember', Array)
#19 C:\\xampp\\htdocs\\apply like facebook\\active ecommer\\storage\\framework\\views\\a322a5ed9de0ed526e2cc43a47e1f51e.php(4): addon_is_activated('portfolio_syste...')
#20 C:\\xampp\\htdocs\\apply like facebook\\active ecommer\\vendor\\laravel\\framework\\src\\Illuminate\\Filesystem\\Filesystem.php(123): require('C:\\\\xampp\\\\htdocs...')
#21 C:\\xampp\\htdocs\\apply like facebook\\active ecommer\\vendor\\laravel\\framework\\src\\Illuminate\\Filesystem\\Filesystem.php(124): Illuminate\\Filesystem\\Filesystem::Illuminate\\Filesystem\\{closure}()
#22 C:\\xampp\\htdocs\\apply like facebook\\active ecommer\\vendor\\laravel\\framework\\src\\Illuminate\\View\\Engines\\PhpEngine.php(58): Illuminate\\Filesystem\\Filesystem->getRequire('C:\\\\xampp\\\\htdocs...', Array)
#23 C:\\xampp\\htdocs\\apply like facebook\\active ecommer\\vendor\\laravel\\framework\\src\\Illuminate\\View\\Engines\\CompilerEngine.php(72): Illuminate\\View\\Engines\\PhpEngine->evaluatePath('C:\\\\xampp\\\\htdocs...', Array)
#24 C:\\xampp\\htdocs\\apply like facebook\\active ecommer\\vendor\\laravel\\framework\\src\\Illuminate\\View\\View.php(207): Illuminate\\View\\Engines\\CompilerEngine->get('C:\\\\xampp\\\\htdocs...', Array)
#25 C:\\xampp\\htdocs\\apply like facebook\\active ecommer\\vendor\\laravel\\framework\\src\\Illuminate\\View\\View.php(190): Illuminate\\View\\View->getContents()
#26 C:\\xampp\\htdocs\\apply like facebook\\active ecommer\\vendor\\laravel\\framework\\src\\Illuminate\\View\\View.php(159): Illuminate\\View\\View->renderContents()
#27 C:\\xampp\\htdocs\\apply like facebook\\active ecommer\\vendor\\laravel\\framework\\src\\Illuminate\\Http\\Response.php(69): Illuminate\\View\\View->render()
#28 C:\\xampp\\htdocs\\apply like facebook\\active ecommer\\vendor\\laravel\\framework\\src\\Illuminate\\Http\\Response.php(35): Illuminate\\Http\\Response->setContent(Object(Illuminate\\View\\View))
#29 C:\\xampp\\htdocs\\apply like facebook\\active ecommer\\vendor\\laravel\\framework\\src\\Illuminate\\Routing\\ResponseFactory.php(58): Illuminate\\Http\\Response->__construct(Object(Illuminate\\View\\View), 404, Array)
#30 C:\\xampp\\htdocs\\apply like facebook\\active ecommer\\vendor\\laravel\\framework\\src\\Illuminate\\Routing\\ResponseFactory.php(88): Illuminate\\Routing\\ResponseFactory->make(Object(Illuminate\\View\\View), 404, Array)
#31 C:\\xampp\\htdocs\\apply like facebook\\active ecommer\\vendor\\laravel\\framework\\src\\Illuminate\\Foundation\\Exceptions\\Handler.php(723): Illuminate\\Routing\\ResponseFactory->view('errors::404', Array, 404, Array)
#32 C:\\xampp\\htdocs\\apply like facebook\\active ecommer\\vendor\\laravel\\framework\\src\\Illuminate\\Foundation\\Exceptions\\Handler.php(650): Illuminate\\Foundation\\Exceptions\\Handler->renderHttpException(Object(Symfony\\Component\\HttpKernel\\Exception\\NotFoundHttpException))
#33 C:\\xampp\\htdocs\\apply like facebook\\active ecommer\\vendor\\laravel\\framework\\src\\Illuminate\\Foundation\\Exceptions\\Handler.php(556): Illuminate\\Foundation\\Exceptions\\Handler->prepareResponse(Object(Illuminate\\Http\\Request), Object(Symfony\\Component\\HttpKernel\\Exception\\NotFoundHttpException))
#34 C:\\xampp\\htdocs\\apply like facebook\\active ecommer\\vendor\\laravel\\framework\\src\\Illuminate\\Foundation\\Exceptions\\Handler.php(473): Illuminate\\Foundation\\Exceptions\\Handler->renderExceptionResponse(Object(Illuminate\\Http\\Request), Object(Symfony\\Component\\HttpKernel\\Exception\\NotFoundHttpException))
#35 C:\\xampp\\htdocs\\apply like facebook\\active ecommer\\app\\Exceptions\\Handler.php(55): Illuminate\\Foundation\\Exceptions\\Handler->render(Object(Illuminate\\Http\\Request), Object(Symfony\\Component\\HttpKernel\\Exception\\NotFoundHttpException))
#36 C:\\xampp\\htdocs\\apply like facebook\\active ecommer\\vendor\\laravel\\framework\\src\\Illuminate\\Routing\\Pipeline.php(51): App\\Exceptions\\Handler->render(Object(Illuminate\\Http\\Request), Object(Symfony\\Component\\HttpKernel\\Exception\\NotFoundHttpException))
#37 C:\\xampp\\htdocs\\apply like facebook\\active ecommer\\vendor\\laravel\\framework\\src\\Illuminate\\Pipeline\\Pipeline.php(146): Illuminate\\Routing\\Pipeline->handleException(Object(Illuminate\\Http\\Request), Object(Symfony\\Component\\HttpKernel\\Exception\\NotFoundHttpException))
#38 C:\\xampp\\htdocs\\apply like facebook\\active ecommer\\vendor\\barryvdh\\laravel-debugbar\\src\\Middleware\\InjectDebugbar.php(66): Illuminate\\Pipeline\\Pipeline->Illuminate\\Pipeline\\{closure}(Object(Illuminate\\Http\\Request))
#39 C:\\xampp\\htdocs\\apply like facebook\\active ecommer\\vendor\\laravel\\framework\\src\\Illuminate\\Pipeline\\Pipeline.php(183): Barryvdh\\Debugbar\\Middleware\\InjectDebugbar->handle(Object(Illuminate\\Http\\Request), Object(Closure))
#40 C:\\xampp\\htdocs\\apply like facebook\\active ecommer\\vendor\\laravel\\framework\\src\\Illuminate\\View\\Middleware\\ShareErrorsFromSession.php(49): Illuminate\\Pipeline\\Pipeline->Illuminate\\Pipeline\\{closure}(Object(Illuminate\\Http\\Request))
#41 C:\\xampp\\htdocs\\apply like facebook\\active ecommer\\vendor\\laravel\\framework\\src\\Illuminate\\Pipeline\\Pipeline.php(183): Illuminate\\View\\Middleware\\ShareErrorsFromSession->handle(Object(Illuminate\\Http\\Request), Object(Closure))
#42 C:\\xampp\\htdocs\\apply like facebook\\active ecommer\\vendor\\laravel\\framework\\src\\Illuminate\\Session\\Middleware\\StartSession.php(121): Illuminate\\Pipeline\\Pipeline->Illuminate\\Pipeline\\{closure}(Object(Illuminate\\Http\\Request))
#43 C:\\xampp\\htdocs\\apply like facebook\\active ecommer\\vendor\\laravel\\framework\\src\\Illuminate\\Session\\Middleware\\StartSession.php(64): Illuminate\\Session\\Middleware\\StartSession->handleStatefulRequest(Object(Illuminate\\Http\\Request), Object(Illuminate\\Session\\Store), Object(Closure))
#44 C:\\xampp\\htdocs\\apply like facebook\\active ecommer\\vendor\\laravel\\framework\\src\\Illuminate\\Pipeline\\Pipeline.php(183): Illuminate\\Session\\Middleware\\StartSession->handle(Object(Illuminate\\Http\\Request), Object(Closure))
#45 C:\\xampp\\htdocs\\apply like facebook\\active ecommer\\vendor\\laravel\\framework\\src\\Illuminate\\Http\\Middleware\\TrustProxies.php(39): Illuminate\\Pipeline\\Pipeline->Illuminate\\Pipeline\\{closure}(Object(Illuminate\\Http\\Request))
#46 C:\\xampp\\htdocs\\apply like facebook\\active ecommer\\vendor\\laravel\\framework\\src\\Illuminate\\Pipeline\\Pipeline.php(183): Illuminate\\Http\\Middleware\\TrustProxies->handle(Object(Illuminate\\Http\\Request), Object(Closure))
#47 C:\\xampp\\htdocs\\apply like facebook\\active ecommer\\vendor\\laravel\\framework\\src\\Illuminate\\Foundation\\Http\\Middleware\\TransformsRequest.php(21): Illuminate\\Pipeline\\Pipeline->Illuminate\\Pipeline\\{closure}(Object(Illuminate\\Http\\Request))
#48 C:\\xampp\\htdocs\\apply like facebook\\active ecommer\\vendor\\laravel\\framework\\src\\Illuminate\\Foundation\\Http\\Middleware\\ConvertEmptyStringsToNull.php(31): Illuminate\\Foundation\\Http\\Middleware\\TransformsRequest->handle(Object(Illuminate\\Http\\Request), Object(Closure))
#49 C:\\xampp\\htdocs\\apply like facebook\\active ecommer\\vendor\\laravel\\framework\\src\\Illuminate\\Pipeline\\Pipeline.php(183): Illuminate\\Foundation\\Http\\Middleware\\ConvertEmptyStringsToNull->handle(Object(Illuminate\\Http\\Request), Object(Closure))
#50 C:\\xampp\\htdocs\\apply like facebook\\active ecommer\\vendor\\laravel\\framework\\src\\Illuminate\\Foundation\\Http\\Middleware\\TransformsRequest.php(21): Illuminate\\Pipeline\\Pipeline->Illuminate\\Pipeline\\{closure}(Object(Illuminate\\Http\\Request))
#51 C:\\xampp\\htdocs\\apply like facebook\\active ecommer\\vendor\\laravel\\framework\\src\\Illuminate\\Foundation\\Http\\Middleware\\TrimStrings.php(40): Illuminate\\Foundation\\Http\\Middleware\\TransformsRequest->handle(Object(Illuminate\\Http\\Request), Object(Closure))
#52 C:\\xampp\\htdocs\\apply like facebook\\active ecommer\\vendor\\laravel\\framework\\src\\Illuminate\\Pipeline\\Pipeline.php(183): Illuminate\\Foundation\\Http\\Middleware\\TrimStrings->handle(Object(Illuminate\\Http\\Request), Object(Closure))
#53 C:\\xampp\\htdocs\\apply like facebook\\active ecommer\\vendor\\laravel\\framework\\src\\Illuminate\\Foundation\\Http\\Middleware\\ValidatePostSize.php(27): Illuminate\\Pipeline\\Pipeline->Illuminate\\Pipeline\\{closure}(Object(Illuminate\\Http\\Request))
#54 C:\\xampp\\htdocs\\apply like facebook\\active ecommer\\vendor\\laravel\\framework\\src\\Illuminate\\Pipeline\\Pipeline.php(183): Illuminate\\Foundation\\Http\\Middleware\\ValidatePostSize->handle(Object(Illuminate\\Http\\Request), Object(Closure))
#55 C:\\xampp\\htdocs\\apply like facebook\\active ecommer\\vendor\\laravel\\framework\\src\\Illuminate\\Pipeline\\Pipeline.php(119): Illuminate\\Pipeline\\Pipeline->Illuminate\\Pipeline\\{closure}(Object(Illuminate\\Http\\Request))
#56 C:\\xampp\\htdocs\\apply like facebook\\active ecommer\\vendor\\laravel\\framework\\src\\Illuminate\\Foundation\\Http\\Kernel.php(175): Illuminate\\Pipeline\\Pipeline->then(Object(Closure))
#57 C:\\xampp\\htdocs\\apply like facebook\\active ecommer\\vendor\\laravel\\framework\\src\\Illuminate\\Foundation\\Http\\Kernel.php(144): Illuminate\\Foundation\\Http\\Kernel->sendRequestThroughRouter(Object(Illuminate\\Http\\Request))
#58 C:\\xampp\\htdocs\\apply like facebook\\active ecommer\\public\\index.php(56): Illuminate\\Foundation\\Http\\Kernel->handle(Object(Illuminate\\Http\\Request))
#59 C:\\xampp\\htdocs\\apply like facebook\\active ecommer\\server.php(21): require_once('C:\\\\xampp\\\\htdocs...')
#60 {main}
"} 
[2026-07-22 15:59:33] local.ERROR: No connection could be made because the target machine actively refused it [tcp://127.0.0.1:6379] {"userId":9,"exception":"[object] (Predis\\Connection\\ConnectionException(code: 10061): No connection could be made because the target machine actively refused it [tcp://127.0.0.1:6379] at C:\\xampp\\htdocs\\apply like facebook\\active ecommer\\vendor\\predis\\predis\\src\\Connection\\AbstractConnection.php:144)
[stacktrace]
#0 C:\\xampp\\htdocs\\apply like facebook\\active ecommer\\vendor\\predis\\predis\\src\\Connection\\StreamConnection.php(109): Predis\\Connection\\AbstractConnection->onConnectionError('No connection c...', 10061)
#1 C:\\xampp\\htdocs\\apply like facebook\\active ecommer\\vendor\\predis\\predis\\src\\Connection\\StreamConnection.php(154): Predis\\Connection\\StreamConnection->createStreamSocket(Object(Predis\\Connection\\Parameters), 'tcp://127.0.0.1...', 4)
#2 C:\\xampp\\htdocs\\apply like facebook\\active ecommer\\vendor\\predis\\predis\\src\\Connection\\StreamConnection.php(80): Predis\\Connection\\StreamConnection->tcpStreamInitializer(Object(Predis\\Connection\\Parameters))
#3 C:\\xampp\\htdocs\\apply like facebook\\active ecommer\\vendor\\predis\\predis\\src\\Connection\\AbstractConnection.php(85): Predis\\Connection\\StreamConnection->createResource()
#4 C:\\xampp\\htdocs\\apply like facebook\\active ecommer\\vendor\\predis\\predis\\src\\Connection\\StreamConnection.php(230): Predis\\Connection\\AbstractConnection->connect()
#5 C:\\xampp\\htdocs\\apply like facebook\\active ecommer\\vendor\\predis\\predis\\src\\Connection\\AbstractConnection.php(169): Predis\\Connection\\StreamConnection->connect()
#6 C:\\xampp\\htdocs\\apply like facebook\\active ecommer\\vendor\\predis\\predis\\src\\Connection\\StreamConnection.php(265): Predis\\Connection\\AbstractConnection->getResource()
#7 C:\\xampp\\htdocs\\apply like facebook\\active ecommer\\vendor\\predis\\predis\\src\\Connection\\StreamConnection.php(372): Predis\\Connection\\StreamConnection->write('*2\\r\\n$3\\r\\nGET\\r\\n$4...')
#8 C:\\xampp\\htdocs\\apply like facebook\\active ecommer\\vendor\\predis\\predis\\src\\Connection\\AbstractConnection.php(122): Predis\\Connection\\StreamConnection->writeRequest(Object(Predis\\Command\\Redis\\GET))
#9 C:\\xampp\\htdocs\\apply like facebook\\active ecommer\\vendor\\predis\\predis\\src\\Client.php(381): Predis\\Connection\\AbstractConnection->executeCommand(Object(Predis\\Command\\Redis\\GET))
#10 C:\\xampp\\htdocs\\apply like facebook\\active ecommer\\vendor\\predis\\predis\\src\\Client.php(335): Predis\\Client->executeCommand(Object(Predis\\Command\\Redis\\GET))
#11 C:\\xampp\\htdocs\\apply like facebook\\active ecommer\\vendor\\laravel\\framework\\src\\Illuminate\\Redis\\Connections\\Connection.php(116): Predis\\Client->__call('get', Array)
#12 C:\\xampp\\htdocs\\apply like facebook\\active ecommer\\vendor\\laravel\\framework\\src\\Illuminate\\Redis\\Connections\\Connection.php(229): Illuminate\\Redis\\Connections\\Connection->command('get', Array)
#13 C:\\xampp\\htdocs\\apply like facebook\\active ecommer\\vendor\\laravel\\framework\\src\\Illuminate\\Cache\\RedisStore.php(65): Illuminate\\Redis\\Connections\\Connection->__call('get', Array)
#14 C:\\xampp\\htdocs\\apply like facebook\\active ecommer\\vendor\\laravel\\framework\\src\\Illuminate\\Cache\\Repository.php(98): Illuminate\\Cache\\RedisStore->get('featured_catego...')
#15 C:\\xampp\\htdocs\\apply like facebook\\active ecommer\\vendor\\laravel\\framework\\src\\Illuminate\\Cache\\Repository.php(428): Illuminate\\Cache\\Repository->get('featured_catego...')
#16 C:\\xampp\\htdocs\\apply like facebook\\active ecommer\\vendor\\laravel\\framework\\src\\Illuminate\\Cache\\CacheManager.php(429): Illuminate\\Cache\\Repository->rememberForever('featured_catego...', Object(Closure))
#17 C:\\xampp\\htdocs\\apply like facebook\\active ecommer\\vendor\\laravel\\framework\\src\\Illuminate\\Support\\Facades\\Facade.php(355): Illuminate\\Cache\\CacheManager->__call('rememberForever', Array)
#18 C:\\xampp\\htdocs\\apply like facebook\\active ecommer\\app\\Http\\Controllers\\HomeController.php(56): Illuminate\\Support\\Facades\\Facade::__callStatic('rememberForever', Array)
#19 C:\\xampp\\htdocs\\apply like facebook\\active ecommer\\vendor\\laravel\\framework\\src\\Illuminate\\Routing\\Controller.php(54): App\\Http\\Controllers\\HomeController->index()
#20 C:\\xampp\\htdocs\\apply like facebook\\active ecommer\\vendor\\laravel\\framework\\src\\Illuminate\\Routing\\ControllerDispatcher.php(43): Illuminate\\Routing\\Controller->callAction('index', Array)
#21 C:\\xampp\\htdocs\\apply like facebook\\active ecommer\\vendor\\laravel\\framework\\src\\Illuminate\\Routing\\Route.php(259): Illuminate\\Routing\\ControllerDispatcher->dispatch(Object(Illuminate\\Routing\\Route), Object(App\\Http\\Controllers\\HomeController), 'index')
#22 C:\\xampp\\htdocs\\apply like facebook\\active ecommer\\vendor\\laravel\\framework\\src\\Illuminate\\Routing\\Route.php(205): Illuminate\\Routing\\Route->runController()
#23 C:\\xampp\\htdocs\\apply like facebook\\active ecommer\\vendor\\laravel\\framework\\src\\Illuminate\\Routing\\Router.php(806): Illuminate\\Routing\\Route->run()
#24 C:\\xampp\\htdocs\\apply like facebook\\active ecommer\\vendor\\laravel\\framework\\src\\Illuminate\\Pipeline\\Pipeline.php(144): Illuminate\\Routing\\Router->Illuminate\\Routing\\{closure}(Object(Illuminate\\Http\\Request))
#25 C:\\xampp\\htdocs\\apply like facebook\\active ecommer\\app\\Http\\Middleware\\CheckForMaintenanceMode.php(64): Illuminate\\Pipeline\\Pipeline->Illuminate\\Pipeline\\{closure}(Object(Illuminate\\Http\\Request))
#26 C:\\xampp\\htdocs\\apply like facebook\\active ecommer\\vendor\\laravel\\framework\\src\\Illuminate\\Pipeline\\Pipeline.php(183): App\\Http\\Middleware\\CheckForMaintenanceMode->handle(Object(Illuminate\\Http\\Request), Object(Closure))
#27 C:\\xampp\\htdocs\\apply like facebook\\active ecommer\\app\\Http\\Middleware\\HttpsProtocol.php(20): Illuminate\\Pipeline\\Pipeline->Illuminate\\Pipeline\\{closure}(Object(Illuminate\\Http\\Request))
#28 C:\\xampp\\htdocs\\apply like facebook\\active ecommer\\vendor\\laravel\\framework\\src\\Illuminate\\Pipeline\\Pipeline.php(183): App\\Http\\Middleware\\HttpsProtocol->handle(Object(Illuminate\\Http\\Request), Object(Closure))
#29 C:\\xampp\\htdocs\\apply like facebook\\active ecommer\\app\\Http\\Middleware\\Language.php(35): Illuminate\\Pipeline\\Pipeline->Illuminate\\Pipeline\\{closure}(Object(Illuminate\\Http\\Request))
#30 C:\\xampp\\htdocs\\apply like facebook\\active ecommer\\vendor\\laravel\\framework\\src\\Illuminate\\Pipeline\\Pipeline.php(183): App\\Http\\Middleware\\Language->handle(Object(Illuminate\\Http\\Request), Object(Closure))
#31 C:\\xampp\\htdocs\\apply like facebook\\active ecommer\\vendor\\laravel\\framework\\src\\Illuminate\\Routing\\Middleware\\SubstituteBindings.php(50): Illuminate\\Pipeline\\Pipeline->Illuminate\\Pipeline\\{closure}(Object(Illuminate\\Http\\Request))
#32 C:\\xampp\\htdocs\\apply like facebook\\active ecommer\\vendor\\laravel\\framework\\src\\Illuminate\\Pipeline\\Pipeline.php(183): Illuminate\\Routing\\Middleware\\SubstituteBindings->handle(Object(Illuminate\\Http\\Request), Object(Closure))
#33 C:\\xampp\\htdocs\\apply like facebook\\active ecommer\\vendor\\laravel\\framework\\src\\Illuminate\\Foundation\\Http\\Middleware\\VerifyCsrfToken.php(78): Illuminate\\Pipeline\\Pipeline->Illuminate\\Pipeline\\{closure}(Object(Illuminate\\Http\\Request))
#34 C:\\xampp\\htdocs\\apply like facebook\\active ecommer\\vendor\\laravel\\framework\\src\\Illuminate\\Pipeline\\Pipeline.php(183): Illuminate\\Foundation\\Http\\Middleware\\VerifyCsrfToken->handle(Object(Illuminate\\Http\\Request), Object(Closure))
#35 C:\\xampp\\htdocs\\apply like facebook\\active ecommer\\vendor\\laravel\\framework\\src\\Illuminate\\Cookie\\Middleware\\AddQueuedCookiesToResponse.php(37): Illuminate\\Pipeline\\Pipeline->Illuminate\\Pipeline\\{closure}(Object(Illuminate\\Http\\Request))
#36 C:\\xampp\\htdocs\\apply like facebook\\active ecommer\\vendor\\laravel\\framework\\src\\Illuminate\\Pipeline\\Pipeline.php(183): Illuminate\\Cookie\\Middleware\\AddQueuedCookiesToResponse->handle(Object(Illuminate\\Http\\Request), Object(Closure))
#37 C:\\xampp\\htdocs\\apply like facebook\\active ecommer\\vendor\\laravel\\framework\\src\\Illuminate\\Pipeline\\Pipeline.php(119): Illuminate\\Pipeline\\Pipeline->Illuminate\\Pipeline\\{closure}(Object(Illuminate\\Http\\Request))
#38 C:\\xampp\\htdocs\\apply like facebook\\active ecommer\\vendor\\laravel\\framework\\src\\Illuminate\\Routing\\Router.php(805): Illuminate\\Pipeline\\Pipeline->then(Object(Closure))
#39 C:\\xampp\\htdocs\\apply like facebook\\active ecommer\\vendor\\laravel\\framework\\src\\Illuminate\\Routing\\Router.php(784): Illuminate\\Routing\\Router->runRouteWithinStack(Object(Illuminate\\Routing\\Route), Object(Illuminate\\Http\\Request))
#40 C:\\xampp\\htdocs\\apply like facebook\\active ecommer\\vendor\\laravel\\framework\\src\\Illuminate\\Routing\\Router.php(748): Illuminate\\Routing\\Router->runRoute(Object(Illuminate\\Http\\Request), Object(Illuminate\\Routing\\Route))
#41 C:\\xampp\\htdocs\\apply like facebook\\active ecommer\\vendor\\laravel\\framework\\src\\Illuminate\\Routing\\Router.php(737): Illuminate\\Routing\\Router->dispatchToRoute(Object(Illuminate\\Http\\Request))
#42 C:\\xampp\\htdocs\\apply like facebook\\active ecommer\\vendor\\laravel\\framework\\src\\Illuminate\\Foundation\\Http\\Kernel.php(200): Illuminate\\Routing\\Router->dispatch(Object(Illuminate\\Http\\Request))
#43 C:\\xampp\\htdocs\\apply like facebook\\active ecommer\\vendor\\laravel\\framework\\src\\Illuminate\\Pipeline\\Pipeline.php(144): Illuminate\\Foundation\\Http\\Kernel->Illuminate\\Foundation\\Http\\{closure}(Object(Illuminate\\Http\\Request))
#44 C:\\xampp\\htdocs\\apply like facebook\\active ecommer\\vendor\\barryvdh\\laravel-debugbar\\src\\Middleware\\InjectDebugbar.php(66): Illuminate\\Pipeline\\Pipeline->Illuminate\\Pipeline\\{closure}(Object(Illuminate\\Http\\Request))
#45 C:\\xampp\\htdocs\\apply like facebook\\active ecommer\\vendor\\laravel\\framework\\src\\Illuminate\\Pipeline\\Pipeline.php(183): Barryvdh\\Debugbar\\Middleware\\InjectDebugbar->handle(Object(Illuminate\\Http\\Request), Object(Closure))
#46 C:\\xampp\\htdocs\\apply like facebook\\active ecommer\\vendor\\laravel\\framework\\src\\Illuminate\\View\\Middleware\\ShareErrorsFromSession.php(49): Illuminate\\Pipeline\\Pipeline->Illuminate\\Pipeline\\{closure}(Object(Illuminate\\Http\\Request))
#47 C:\\xampp\\htdocs\\apply like facebook\\active ecommer\\vendor\\laravel\\framework\\src\\Illuminate\\Pipeline\\Pipeline.php(183): Illuminate\\View\\Middleware\\ShareErrorsFromSession->handle(Object(Illuminate\\Http\\Request), Object(Closure))
#48 C:\\xampp\\htdocs\\apply like facebook\\active ecommer\\vendor\\laravel\\framework\\src\\Illuminate\\Session\\Middleware\\StartSession.php(121): Illuminate\\Pipeline\\Pipeline->Illuminate\\Pipeline\\{closure}(Object(Illuminate\\Http\\Request))
#49 C:\\xampp\\htdocs\\apply like facebook\\active ecommer\\vendor\\laravel\\framework\\src\\Illuminate\\Session\\Middleware\\StartSession.php(64): Illuminate\\Session\\Middleware\\StartSession->handleStatefulRequest(Object(Illuminate\\Http\\Request), Object(Illuminate\\Session\\Store), Object(Closure))
#50 C:\\xampp\\htdocs\\apply like facebook\\active ecommer\\vendor\\laravel\\framework\\src\\Illuminate\\Pipeline\\Pipeline.php(183): Illuminate\\Session\\Middleware\\StartSession->handle(Object(Illuminate\\Http\\Request), Object(Closure))
#51 C:\\xampp\\htdocs\\apply like facebook\\active ecommer\\vendor\\laravel\\framework\\src\\Illuminate\\Http\\Middleware\\TrustProxies.php(39): Illuminate\\Pipeline\\Pipeline->Illuminate\\Pipeline\\{closure}(Object(Illuminate\\Http\\Request))
#52 C:\\xampp\\htdocs\\apply like facebook\\active ecommer\\vendor\\laravel\\framework\\src\\Illuminate\\Pipeline\\Pipeline.php(183): Illuminate\\Http\\Middleware\\TrustProxies->handle(Object(Illuminate\\Http\\Request), Object(Closure))
#53 C:\\xampp\\htdocs\\apply like facebook\\active ecommer\\vendor\\laravel\\framework\\src\\Illuminate\\Foundation\\Http\\Middleware\\TransformsRequest.php(21): Illuminate\\Pipeline\\Pipeline->Illuminate\\Pipeline\\{closure}(Object(Illuminate\\Http\\Request))
#54 C:\\xampp\\htdocs\\apply like facebook\\active ecommer\\vendor\\laravel\\framework\\src\\Illuminate\\Foundation\\Http\\Middleware\\ConvertEmptyStringsToNull.php(31): Illuminate\\Foundation\\Http\\Middleware\\TransformsRequest->handle(Object(Illuminate\\Http\\Request), Object(Closure))
#55 C:\\xampp\\htdocs\\apply like facebook\\active ecommer\\vendor\\laravel\\framework\\src\\Illuminate\\Pipeline\\Pipeline.php(183): Illuminate\\Foundation\\Http\\Middleware\\ConvertEmptyStringsToNull->handle(Object(Illuminate\\Http\\Request), Object(Closure))
#56 C:\\xampp\\htdocs\\apply like facebook\\active ecommer\\vendor\\laravel\\framework\\src\\Illuminate\\Foundation\\Http\\Middleware\\TransformsRequest.php(21): Illuminate\\Pipeline\\Pipeline->Illuminate\\Pipeline\\{closure}(Object(Illuminate\\Http\\Request))
#57 C:\\xampp\\htdocs\\apply like facebook\\active ecommer\\vendor\\laravel\\framework\\src\\Illuminate\\Foundation\\Http\\Middleware\\TrimStrings.php(40): Illuminate\\Foundation\\Http\\Middleware\\TransformsRequest->handle(Object(Illuminate\\Http\\Request), Object(Closure))
#58 C:\\xampp\\htdocs\\apply like facebook\\active ecommer\\vendor\\laravel\\framework\\src\\Illuminate\\Pipeline\\Pipeline.php(183): Illuminate\\Foundation\\Http\\Middleware\\TrimStrings->handle(Object(Illuminate\\Http\\Request), Object(Closure))
#59 C:\\xampp\\htdocs\\apply like facebook\\active ecommer\\vendor\\laravel\\framework\\src\\Illuminate\\Foundation\\Http\\Middleware\\ValidatePostSize.php(27): Illuminate\\Pipeline\\Pipeline->Illuminate\\Pipeline\\{closure}(Object(Illuminate\\Http\\Request))
#60 C:\\xampp\\htdocs\\apply like facebook\\active ecommer\\vendor\\laravel\\framework\\src\\Illuminate\\Pipeline\\Pipeline.php(183): Illuminate\\Foundation\\Http\\Middleware\\ValidatePostSize->handle(Object(Illuminate\\Http\\Request), Object(Closure))
#61 C:\\xampp\\htdocs\\apply like facebook\\active ecommer\\vendor\\laravel\\framework\\src\\Illuminate\\Pipeline\\Pipeline.php(119): Illuminate\\Pipeline\\Pipeline->Illuminate\\Pipeline\\{closure}(Object(Illuminate\\Http\\Request))
#62 C:\\xampp\\htdocs\\apply like facebook\\active ecommer\\vendor\\laravel\\framework\\src\\Illuminate\\Foundation\\Http\\Kernel.php(175): Illuminate\\Pipeline\\Pipeline->then(Object(Closure))
#63 C:\\xampp\\htdocs\\apply like facebook\\active ecommer\\vendor\\laravel\\framework\\src\\Illuminate\\Foundation\\Http\\Kernel.php(144): Illuminate\\Foundation\\Http\\Kernel->sendRequestThroughRouter(Object(Illuminate\\Http\\Request))
#64 C:\\xampp\\htdocs\\apply like facebook\\active ecommer\\public\\index.php(56): Illuminate\\Foundation\\Http\\Kernel->handle(Object(Illuminate\\Http\\Request))
#65 C:\\xampp\\htdocs\\apply like facebook\\active ecommer\\server.php(21): require_once('C:\\\\xampp\\\\htdocs...')
#66 {main}
"} 
[2026-07-22 15:59:36] local.ERROR: No connection could be made because the target machine actively refused it [tcp://127.0.0.1:6379] {"view":{"view":"C:\\xampp\\htdocs\\apply like facebook\\active ecommer\\resources\\views\\errors\\404.blade.php","data":{"errors":"<pre class=sf-dump id=sf-dump-1384088266 data-indent-pad=\"  \"><span class=sf-dump-note>Illuminate\\Support\\ViewErrorBag</span> {<a class=sf-dump-ref>#3413</a><samp data-depth=1 class=sf-dump-expanded>
  #<span class=sf-dump-protected title=\"Protected property\">bags</span>: []
</samp>}
</pre><script>Sfdump(\"sf-dump-1384088266\", {\"maxDepth\":3,\"maxStringLength\":160})</script>
","exception":"<pre class=sf-dump id=sf-dump-1569068050 data-indent-pad=\"  \"><span class=sf-dump-note>Symfony\\Component\\HttpKernel\\Exception\\NotFoundHttpException</span> {<a class=sf-dump-ref>#3425</a><samp data-depth=1 class=sf-dump-expanded>
  #<span class=sf-dump-protected title=\"Protected property\">message</span>: \"<span class=sf-dump-str title=\"78 characters\">The route .well-known/appspecific/com.chrome.devtools.json could not be found.</span>\"
  #<span class=sf-dump-protected title=\"Protected property\">code</span>: <span class=sf-dump-num>0</span>
  #<span class=sf-dump-protected title=\"Protected property\">file</span>: \"<span class=sf-dump-str title=\"C:\\xampp\\htdocs\\apply like facebook\\active ecommer\\vendor\\laravel\\framework\\src\\Illuminate\\Routing\\AbstractRouteCollection.php
126 characters\"><span class=\"sf-dump-ellipsis sf-dump-ellipsis-path\">C:\\xampp\\htdocs\\apply like facebook\\active ecommer\\vendor</span><span class=\"sf-dump-ellipsis sf-dump-ellipsis-path\">\\laravel\\framework\\</span>src\\Illuminate\\Routing\\AbstractRouteCollection.php</span>\"
  #<span class=sf-dump-protected title=\"Protected property\">line</span>: <span class=sf-dump-num>44</span>
  -<span class=sf-dump-private title=\"Private property defined in class:&#10;`Symfony\\Component\\HttpKernel\\Exception\\HttpException`\">statusCode</span>: <span class=sf-dump-num>404</span>
  -<span class=sf-dump-private title=\"Private property defined in class:&#10;`Symfony\\Component\\HttpKernel\\Exception\\HttpException`\">headers</span>: []
  <span class=sf-dump-meta>trace</span>: {<samp data-depth=2 class=sf-dump-compact>
    <span class=sf-dump-meta title=\"C:\\xampp\\htdocs\\apply like facebook\\active ecommer\\vendor\\laravel\\framework\\src\\Illuminate\\Routing\\AbstractRouteCollection.php:44
Stack level 29.\"><span class=\"sf-dump-ellipsis sf-dump-ellipsis-path\">C:\\xampp\\htdocs\\apply like facebook\\active ecommer\\vendor</span><span class=\"sf-dump-ellipsis sf-dump-ellipsis-path\">\\laravel\\framework\\</span>src\\Illuminate\\Routing\\AbstractRouteCollection.php:44</span> {<samp data-depth=3 class=sf-dump-compact>
      <span class=sf-dump-note title=\"Illuminate\\Routing\\AbstractRouteCollection-&gt;handleMatchedRoute(Request $request, $route)
\"><span class=\"sf-dump-ellipsis sf-dump-ellipsis-note\">Illuminate\\Routing</span><span class=\"sf-dump-ellipsis sf-dump-ellipsis-note\">\\</span>AbstractRouteCollection-&gt;handleMatchedRoute(Request $request, $route)</span> &#8230;
      &#8250; 
      &#8250; <code class=\"php\"><span class=sf-dump-const title=\"in Illuminate\\Routing\\AbstractRouteCollection-&gt;handleMatchedRoute(Request $request, $route)\">throw new NotFoundHttpException(sprintf(</span></code>
      &#8250; <code class=\"php\"><span class=sf-dump-default>    &#039;The route %s could not be found.&#039;,</span></code>
    </samp>}
    <span class=sf-dump-meta title=\"C:\\xampp\\htdocs\\apply like facebook\\active ecommer\\vendor\\laravel\\framework\\src\\Illuminate\\Routing\\RouteCollection.php:162
Stack level 28.\"><span class=\"sf-dump-ellipsis sf-dump-ellipsis-path\">C:\\xampp\\htdocs\\apply like facebook\\active ecommer\\vendor</span><span class=\"sf-dump-ellipsis sf-dump-ellipsis-path\">\\laravel\\framework\\</span>src\\Illuminate\\Routing\\RouteCollection.php:162</span> {<samp data-depth=3 class=sf-dump-compact>
      <span class=sf-dump-note title=\"Illuminate\\Routing\\RouteCollection-&gt;match(Request $request)
\"><span class=\"sf-dump-ellipsis sf-dump-ellipsis-note\">Illuminate\\Routing</span><span class=\"sf-dump-ellipsis sf-dump-ellipsis-note\">\\</span>RouteCollection-&gt;match(Request $request)</span> &#8230;
      &#8250; 
      &#8250; <code class=\"php\"><span class=sf-dump-const title=\"in Illuminate\\Routing\\RouteCollection-&gt;match(Request $request)\">    return $this-&gt;handleMatchedRoute($request, $route);</span></code>
      &#8250; <code class=\"php\"><span class=sf-dump-default>}</span></code>
      <span class=sf-dump-meta>arguments</span>: { &#8230;2}
    </samp>}
    <span class=sf-dump-meta title=\"C:\\xampp\\htdocs\\apply like facebook\\active ecommer\\vendor\\laravel\\framework\\src\\Illuminate\\Routing\\Router.php:761
Stack level 27.\"><span class=\"sf-dump-ellipsis sf-dump-ellipsis-path\">C:\\xampp\\htdocs\\apply like facebook\\active ecommer\\vendor</span><span class=\"sf-dump-ellipsis sf-dump-ellipsis-path\">\\laravel\\framework\\</span>src\\Illuminate\\Routing\\Router.php:761</span> {<samp data-depth=3 class=sf-dump-compact>
      <span class=sf-dump-note title=\"Illuminate\\Routing\\Router-&gt;findRoute($request)
\"><span class=\"sf-dump-ellipsis sf-dump-ellipsis-note\">Illuminate\\Routing</span><span class=\"sf-dump-ellipsis sf-dump-ellipsis-note\">\\</span>Router-&gt;findRoute($request)</span> &#8230;
      &#8250; 
      &#8250; <code class=\"php\"><span class=sf-dump-const title=\"in Illuminate\\Routing\\Router-&gt;findRoute($request)\">$this-&gt;current = $route = $this-&gt;routes-&gt;match($request);</span></code>
      &#8250; 
      <span class=sf-dump-meta>arguments</span>: { &#8230;1}
    </samp>}
    <span class=sf-dump-meta title=\"C:\\xampp\\htdocs\\apply like facebook\\active ecommer\\vendor\\laravel\\framework\\src\\Illuminate\\Routing\\Router.php:748
Stack level 26.\"><span class=\"sf-dump-ellipsis sf-dump-ellipsis-path\">C:\\xampp\\htdocs\\apply like facebook\\active ecommer\\vendor</span><span class=\"sf-dump-ellipsis sf-dump-ellipsis-path\">\\laravel\\framework\\</span>src\\Illuminate\\Routing\\Router.php:748</span> {<samp data-depth=3 class=sf-dump-compact>
      <span class=sf-dump-note title=\"Illuminate\\Routing\\Router-&gt;dispatchToRoute(Request $request)
\"><span class=\"sf-dump-ellipsis sf-dump-ellipsis-note\">Illuminate\\Routing</span><span class=\"sf-dump-ellipsis sf-dump-ellipsis-note\">\\</span>Router-&gt;dispatchToRoute(Request $request)</span> &#8230;
      &#8250; <code class=\"php\"><span class=sf-dump-default>{</span></code>
      &#8250; <code class=\"php\"><span class=sf-dump-const title=\"in Illuminate\\Routing\\Router-&gt;dispatchToRoute(Request $request)\">    return $this-&gt;runRoute($request, $this-&gt;findRoute($request));</span></code>
      &#8250; <code class=\"php\"><span class=sf-dump-default>}</span></code>
      <span class=sf-dump-meta>arguments</span>: { &#8230;1}
    </samp>}
    <span class=sf-dump-meta title=\"C:\\xampp\\htdocs\\apply like facebook\\active ecommer\\vendor\\laravel\\framework\\src\\Illuminate\\Routing\\Router.php:737
Stack level 25.\"><span class=\"sf-dump-ellipsis sf-dump-ellipsis-path\">C:\\xampp\\htdocs\\apply like facebook\\active ecommer\\vendor</span><span class=\"sf-dump-ellipsis sf-dump-ellipsis-path\">\\laravel\\framework\\</span>src\\Illuminate\\Routing\\Router.php:737</span> {<samp data-depth=3 class=sf-dump-compact>
      <span class=sf-dump-note title=\"Illuminate\\Routing\\Router-&gt;dispatch(Request $request)
\"><span class=\"sf-dump-ellipsis sf-dump-ellipsis-note\">Illuminate\\Routing</span><span class=\"sf-dump-ellipsis sf-dump-ellipsis-note\">\\</span>Router-&gt;dispatch(Request $request)</span> &#8230;
      &#8250; 
      &#8250; <code class=\"php\"><span class=sf-dump-const title=\"in Illuminate\\Routing\\Router-&gt;dispatch(Request $request)\">    return $this-&gt;dispatchToRoute($request);</span></code>
      &#8250; <code class=\"php\"><span class=sf-dump-default>}</span></code>
      <span class=sf-dump-meta>arguments</span>: { &#8230;1}
    </samp>}
    <span class=sf-dump-meta title=\"C:\\xampp\\htdocs\\apply like facebook\\active ecommer\\vendor\\laravel\\framework\\src\\Illuminate\\Foundation\\Http\\Kernel.php:200
Stack level 24.\"><span class=\"sf-dump-ellipsis sf-dump-ellipsis-path\">C:\\xampp\\htdocs\\apply like facebook\\active ecommer\\vendor</span><span class=\"sf-dump-ellipsis sf-dump-ellipsis-path\">\\laravel\\framework\\</span>src\\Illuminate\\Foundation\\Http\\Kernel.php:200</span> {<samp data-depth=3 class=sf-dump-compact>
      <span class=sf-dump-note title=\"Illuminate\\Foundation\\Http\\Kernel-&gt;Illuminate\\Foundation\\Http\\{closure}
\"><span class=\"sf-dump-ellipsis sf-dump-ellipsis-note\">Illuminate\\Foundation\\Http\\Kernel-&gt;Illuminate\\Foundation\\Http</span><span class=\"sf-dump-ellipsis sf-dump-ellipsis-note\">\\</span>{closure}</span> &#8230;
      &#8250; 
      &#8250; <code class=\"php\"><span class=sf-dump-const title=\"in Illuminate\\Foundation\\Http\\Kernel-&gt;Illuminate\\Foundation\\Http\\{closure}\">    return $this-&gt;router-&gt;dispatch($request);</span></code>
      &#8250; <code class=\"php\"><span class=sf-dump-default>};</span></code>
      <span class=sf-dump-meta>arguments</span>: { &#8230;1}
    </samp>}
    <span class=sf-dump-meta title=\"C:\\xampp\\htdocs\\apply like facebook\\active ecommer\\vendor\\laravel\\framework\\src\\Illuminate\\Pipeline\\Pipeline.php:144
Stack level 23.\"><span class=\"sf-dump-ellipsis sf-dump-ellipsis-path\">C:\\xampp\\htdocs\\apply like facebook\\active ecommer\\vendor</span><span class=\"sf-dump-ellipsis sf-dump-ellipsis-path\">\\laravel\\framework\\</span>src\\Illuminate\\Pipeline\\Pipeline.php:144</span> {<samp data-depth=3 class=sf-dump-compact>
      <span class=sf-dump-note title=\"Illuminate\\Pipeline\\Pipeline-&gt;Illuminate\\Pipeline\\{closure}
\"><span class=\"sf-dump-ellipsis sf-dump-ellipsis-note\">Illuminate\\Pipeline\\Pipeline-&gt;Illuminate\\Pipeline</span><span class=\"sf-dump-ellipsis sf-dump-ellipsis-note\">\\</span>{closure}</span> &#8230;
      &#8250; <code class=\"php\"><span class=sf-dump-default>try {</span></code>
      &#8250; <code class=\"php\"><span class=sf-dump-const title=\"in Illuminate\\Pipeline\\Pipeline-&gt;Illuminate\\Pipeline\\{closure}\">    return $destination($passable);</span></code>
      &#8250; <code class=\"php\"><span class=sf-dump-default>} catch (Throwable $e) {</span></code>
      <span class=sf-dump-meta>arguments</span>: { &#8230;1}
    </samp>}
    <span class=sf-dump-meta title=\"C:\\xampp\\htdocs\\apply like facebook\\active ecommer\\vendor\\barryvdh\\laravel-debugbar\\src\\Middleware\\InjectDebugbar.php:66
Stack level 22.\"><span class=\"sf-dump-ellipsis sf-dump-ellipsis-path\">C:\\xampp\\htdocs\\apply like facebook\\active ecommer\\vendor</span><span class=\"sf-dump-ellipsis sf-dump-ellipsis-path\">\\barryvdh\\laravel-debugbar\\</span>src\\Middleware\\InjectDebugbar.php:66</span> {<samp data-depth=3 class=sf-dump-compact>
      <span class=sf-dump-note title=\"Barryvdh\\Debugbar\\Middleware\\InjectDebugbar-&gt;handle($request, Closure $next)
\"><span class=\"sf-dump-ellipsis sf-dump-ellipsis-note\">Barryvdh\\Debugbar\\Middleware</span><span class=\"sf-dump-ellipsis sf-dump-ellipsis-note\">\\</span>InjectDebugbar-&gt;handle($request, Closure $next)</span> &#8230;
      &#8250; <code class=\"php\"><span class=sf-dump-default>    /** @var \\Illuminate\\Http\\Response $response */</span></code>
      &#8250; <code class=\"php\"><span class=sf-dump-const title=\"in Barryvdh\\Debugbar\\Middleware\\InjectDebugbar-&gt;handle($request, Closure $next)\">    $response = $next($request);</span></code>
      &#8250; <code class=\"php\"><span class=sf-dump-default>} catch (Throwable $e) {</span></code>
      <span class=sf-dump-meta>arguments</span>: { &#8230;1}
    </samp>}
    <span class=sf-dump-meta title=\"C:\\xampp\\htdocs\\apply like facebook\\active ecommer\\vendor\\laravel\\framework\\src\\Illuminate\\Pipeline\\Pipeline.php:183
Stack level 21.\"><span class=\"sf-dump-ellipsis sf-dump-ellipsis-path\">C:\\xampp\\htdocs\\apply like facebook\\active ecommer\\vendor</span><span class=\"sf-dump-ellipsis sf-dump-ellipsis-path\">\\laravel\\framework\\</span>src\\Illuminate\\Pipeline\\Pipeline.php:183</span> {<samp data-depth=3 class=sf-dump-compact>
      <span class=sf-dump-note title=\"Illuminate\\Pipeline\\Pipeline-&gt;Illuminate\\Pipeline\\{closure}
\"><span class=\"sf-dump-ellipsis sf-dump-ellipsis-note\">Illuminate\\Pipeline\\Pipeline-&gt;Illuminate\\Pipeline</span><span class=\"sf-dump-ellipsis sf-dump-ellipsis-note\">\\</span>{closure}</span> &#8230;
      &#8250; <code class=\"php\"><span class=sf-dump-default>$carry = method_exists($pipe, $this-&gt;method)</span></code>
      &#8250; <code class=\"php\"><span class=sf-dump-const title=\"in Illuminate\\Pipeline\\Pipeline-&gt;Illuminate\\Pipeline\\{closure}\">                ? $pipe-&gt;{$this-&gt;method}(...$parameters)</span></code>
      &#8250; <code class=\"php\"><span class=sf-dump-default>                : $pipe(...$parameters);</span></code>
      <span class=sf-dump-meta>arguments</span>: { &#8230;2}
    </samp>}
    <span class=sf-dump-meta title=\"C:\\xampp\\htdocs\\apply like facebook\\active ecommer\\vendor\\laravel\\framework\\src\\Illuminate\\View\\Middleware\\ShareErrorsFromSession.php:49
Stack level 20.\"><span class=\"sf-dump-ellipsis sf-dump-ellipsis-path\">C:\\xampp\\htdocs\\apply like facebook\\active ecommer\\vendor</span><span class=\"sf-dump-ellipsis sf-dump-ellipsis-path\">\\laravel\\framework\\</span>src\\Illuminate\\View\\Middleware\\ShareErrorsFromSession.php:49</span> {<samp data-depth=3 class=sf-dump-compact>
      <span class=sf-dump-note title=\"Illuminate\\View\\Middleware\\ShareErrorsFromSession-&gt;handle($request, Closure $next)
\"><span class=\"sf-dump-ellipsis sf-dump-ellipsis-note\">Illuminate\\View\\Middleware</span><span class=\"sf-dump-ellipsis sf-dump-ellipsis-note\">\\</span>ShareErrorsFromSession-&gt;handle($request, Closure $next)</span> &#8230;
      &#8250; 
      &#8250; <code class=\"php\"><span class=sf-dump-const title=\"in Illuminate\\View\\Middleware\\ShareErrorsFromSession-&gt;handle($request, Closure $next)\">    return $next($request);</span></code>
      &#8250; <code class=\"php\"><span class=sf-dump-default>}</span></code>
      <span class=sf-dump-meta>arguments</span>: { &#8230;1}
    </samp>}
    <span class=sf-dump-meta title=\"C:\\xampp\\htdocs\\apply like facebook\\active ecommer\\vendor\\laravel\\framework\\src\\Illuminate\\Pipeline\\Pipeline.php:183
Stack level 19.\"><span class=\"sf-dump-ellipsis sf-dump-ellipsis-path\">C:\\xampp\\htdocs\\apply like facebook\\active ecommer\\vendor</span><span class=\"sf-dump-ellipsis sf-dump-ellipsis-path\">\\laravel\\framework\\</span>src\\Illuminate\\Pipeline\\Pipeline.php:183</span> {<samp data-depth=3 class=sf-dump-compact>
      <span class=sf-dump-note title=\"Illuminate\\Pipeline\\Pipeline-&gt;Illuminate\\Pipeline\\{closure}
\"><span class=\"sf-dump-ellipsis sf-dump-ellipsis-note\">Illuminate\\Pipeline\\Pipeline-&gt;Illuminate\\Pipeline</span><span class=\"sf-dump-ellipsis sf-dump-ellipsis-note\">\\</span>{closure}</span> &#8230;
      &#8250; <code class=\"php\"><span class=sf-dump-default>$carry = method_exists($pipe, $this-&gt;method)</span></code>
      &#8250; <code class=\"php\"><span class=sf-dump-const title=\"in Illuminate\\Pipeline\\Pipeline-&gt;Illuminate\\Pipeline\\{closure}\">                ? $pipe-&gt;{$this-&gt;method}(...$parameters)</span></code>
      &#8250; <code class=\"php\"><span class=sf-dump-default>                : $pipe(...$parameters);</span></code>
      <span class=sf-dump-meta>arguments</span>: { &#8230;2}
    </samp>}
    <span class=sf-dump-meta title=\"C:\\xampp\\htdocs\\apply like facebook\\active ecommer\\vendor\\laravel\\framework\\src\\Illuminate\\Session\\Middleware\\StartSession.php:121
Stack level 18.\"><span class=\"sf-dump-ellipsis sf-dump-ellipsis-path\">C:\\xampp\\htdocs\\apply like facebook\\active ecommer\\vendor</span><span class=\"sf-dump-ellipsis sf-dump-ellipsis-path\">\\laravel\\framework\\</span>src\\Illuminate\\Session\\Middleware\\StartSession.php:121</span> {<samp data-depth=3 class=sf-dump-compact>
      <span class=sf-dump-note title=\"Illuminate\\Session\\Middleware\\StartSession-&gt;handleStatefulRequest(Request $request, $session, Closure $next)
\"><span class=\"sf-dump-ellipsis sf-dump-ellipsis-note\">Illuminate\\Session\\Middleware</span><span class=\"sf-dump-ellipsis sf-dump-ellipsis-note\">\\</span>StartSession-&gt;handleStatefulRequest(Request $request, $session, Closure $next)</span> &#8230;
      &#8250; 
      &#8250; <code class=\"php\"><span class=sf-dump-const title=\"in Illuminate\\Session\\Middleware\\StartSession-&gt;handleStatefulRequest(Request $request, $session, Closure $next)\">$response = $next($request);</span></code>
      &#8250; 
      <span class=sf-dump-meta>arguments</span>: { &#8230;1}
    </samp>}
    <span class=sf-dump-meta title=\"C:\\xampp\\htdocs\\apply like facebook\\active ecommer\\vendor\\laravel\\framework\\src\\Illuminate\\Session\\Middleware\\StartSession.php:64
Stack level 17.\"><span class=\"sf-dump-ellipsis sf-dump-ellipsis-path\">C:\\xampp\\htdocs\\apply like facebook\\active ecommer\\vendor</span><span class=\"sf-dump-ellipsis sf-dump-ellipsis-path\">\\laravel\\framework\\</span>src\\Illuminate\\Session\\Middleware\\StartSession.php:64</span> {<samp data-depth=3 class=sf-dump-compact>
      <span class=sf-dump-note title=\"Illuminate\\Session\\Middleware\\StartSession-&gt;handle($request, Closure $next)
\"><span class=\"sf-dump-ellipsis sf-dump-ellipsis-note\">Illuminate\\Session\\Middleware</span><span class=\"sf-dump-ellipsis sf-dump-ellipsis-note\">\\</span>StartSession-&gt;handle($request, Closure $next)</span> &#8230;
      &#8250; 
      &#8250; <code class=\"php\"><span class=sf-dump-const title=\"in Illuminate\\Session\\Middleware\\StartSession-&gt;handle($request, Closure $next)\">    return $this-&gt;handleStatefulRequest($request, $session, $next);</span></code>
      &#8250; <code class=\"php\"><span class=sf-dump-default>}</span></code>
      <span class=sf-dump-meta>arguments</span>: { &#8230;3}
    </samp>}
    <span class=sf-dump-meta title=\"C:\\xampp\\htdocs\\apply like facebook\\active ecommer\\vendor\\laravel\\framework\\src\\Illuminate\\Pipeline\\Pipeline.php:183
Stack level 16.\"><span class=\"sf-dump-ellipsis sf-dump-ellipsis-path\">C:\\xampp\\htdocs\\apply like facebook\\active ecommer\\vendor</span><span class=\"sf-dump-ellipsis sf-dump-ellipsis-path\">\\laravel\\framework\\</span>src\\Illuminate\\Pipeline\\Pipeline.php:183</span> {<samp data-depth=3 class=sf-dump-compact>
      <span class=sf-dump-note title=\"Illuminate\\Pipeline\\Pipeline-&gt;Illuminate\\Pipeline\\{closure}
\"><span class=\"sf-dump-ellipsis sf-dump-ellipsis-note\">Illuminate\\Pipeline\\Pipeline-&gt;Illuminate\\Pipeline</span><span class=\"sf-dump-ellipsis sf-dump-ellipsis-note\">\\</span>{closure}</span> &#8230;
      &#8250; <code class=\"php\"><span class=sf-dump-default>$carry = method_exists($pipe, $this-&gt;method)</span></code>
      &#8250; <code class=\"php\"><span class=sf-dump-const title=\"in Illuminate\\Pipeline\\Pipeline-&gt;Illuminate\\Pipeline\\{closure}\">                ? $pipe-&gt;{$this-&gt;method}(...$parameters)</span></code>
      &#8250; <code class=\"php\"><span class=sf-dump-default>                : $pipe(...$parameters);</span></code>
      <span class=sf-dump-meta>arguments</span>: { &#8230;2}
    </samp>}
    <span class=sf-dump-meta title=\"C:\\xampp\\htdocs\\apply like facebook\\active ecommer\\vendor\\laravel\\framework\\src\\Illuminate\\Http\\Middleware\\TrustProxies.php:39
Stack level 15.\"><span class=\"sf-dump-ellipsis sf-dump-ellipsis-path\">C:\\xampp\\htdocs\\apply like facebook\\active ecommer\\vendor</span><span class=\"sf-dump-ellipsis sf-dump-ellipsis-path\">\\laravel\\framework\\</span>src\\Illuminate\\Http\\Middleware\\TrustProxies.php:39</span> {<samp data-depth=3 class=sf-dump-compact>
      <span class=sf-dump-note title=\"Illuminate\\Http\\Middleware\\TrustProxies-&gt;handle(Request $request, Closure $next)
\"><span class=\"sf-dump-ellipsis sf-dump-ellipsis-note\">Illuminate\\Http\\Middleware</span><span class=\"sf-dump-ellipsis sf-dump-ellipsis-note\">\\</span>TrustProxies-&gt;handle(Request $request, Closure $next)</span> &#8230;
      &#8250; 
      &#8250; <code class=\"php\"><span class=sf-dump-const title=\"in Illuminate\\Http\\Middleware\\TrustProxies-&gt;handle(Request $request, Closure $next)\">    return $next($request);</span></code>
      &#8250; <code class=\"php\"><span class=sf-dump-default>}</span></code>
      <span class=sf-dump-meta>arguments</span>: { &#8230;1}
    </samp>}
    <span class=sf-dump-meta title=\"C:\\xampp\\htdocs\\apply like facebook\\active ecommer\\vendor\\laravel\\framework\\src\\Illuminate\\Pipeline\\Pipeline.php:183
Stack level 14.\"><span class=\"sf-dump-ellipsis sf-dump-ellipsis-path\">C:\\xampp\\htdocs\\apply like facebook\\active ecommer\\vendor</span><span class=\"sf-dump-ellipsis sf-dump-ellipsis-path\">\\laravel\\framework\\</span>src\\Illuminate\\Pipeline\\Pipeline.php:183</span> {<samp data-depth=3 class=sf-dump-compact>
      <span class=sf-dump-note title=\"Illuminate\\Pipeline\\Pipeline-&gt;Illuminate\\Pipeline\\{closure}
\"><span class=\"sf-dump-ellipsis sf-dump-ellipsis-note\">Illuminate\\Pipeline\\Pipeline-&gt;Illuminate\\Pipeline</span><span class=\"sf-dump-ellipsis sf-dump-ellipsis-note\">\\</span>{closure}</span> &#8230;
      &#8250; <code class=\"php\"><span class=sf-dump-default>$carry = method_exists($pipe, $this-&gt;method)</span></code>
      &#8250; <code class=\"php\"><span class=sf-dump-const title=\"in Illuminate\\Pipeline\\Pipeline-&gt;Illuminate\\Pipeline\\{closure}\">                ? $pipe-&gt;{$this-&gt;method}(...$parameters)</span></code>
      &#8250; <code class=\"php\"><span class=sf-dump-default>                : $pipe(...$parameters);</span></code>
      <span class=sf-dump-meta>arguments</span>: { &#8230;2}
    </samp>}
    <span class=sf-dump-meta title=\"C:\\xampp\\htdocs\\apply like facebook\\active ecommer\\vendor\\laravel\\framework\\src\\Illuminate\\Foundation\\Http\\Middleware\\TransformsRequest.php:21
Stack level 13.\"><span class=\"sf-dump-ellipsis sf-dump-ellipsis-path\">C:\\xampp\\htdocs\\apply like facebook\\active ecommer\\vendor</span><span class=\"sf-dump-ellipsis sf-dump-ellipsis-path\">\\laravel\\framework\\</span>src\\Illuminate\\Foundation\\Http\\Middleware\\TransformsRequest.php:21</span> {<samp data-depth=3 class=sf-dump-compact>
      <span class=sf-dump-note title=\"Illuminate\\Foundation\\Http\\Middleware\\TransformsRequest-&gt;handle($request, Closure $next)
\"><span class=\"sf-dump-ellipsis sf-dump-ellipsis-note\">Illuminate\\Foundation\\Http\\Middleware</span><span class=\"sf-dump-ellipsis sf-dump-ellipsis-note\">\\</span>TransformsRequest-&gt;handle($request, Closure $next)</span> &#8230;
      &#8250; 
      &#8250; <code class=\"php\"><span class=sf-dump-const title=\"in Illuminate\\Foundation\\Http\\Middleware\\TransformsRequest-&gt;handle($request, Closure $next)\">    return $next($request);</span></code>
      &#8250; <code class=\"php\"><span class=sf-dump-default>}</span></code>
      <span class=sf-dump-meta>arguments</span>: { &#8230;1}
    </samp>}
    <span class=sf-dump-meta title=\"C:\\xampp\\htdocs\\apply like facebook\\active ecommer\\vendor\\laravel\\framework\\src\\Illuminate\\Foundation\\Http\\Middleware\\ConvertEmptyStringsToNull.php:31
Stack level 12.\"><span class=\"sf-dump-ellipsis sf-dump-ellipsis-path\">C:\\xampp\\htdocs\\apply like facebook\\active ecommer\\vendor</span><span class=\"sf-dump-ellipsis sf-dump-ellipsis-path\">\\laravel\\framework\\</span>src\\Illuminate\\Foundation\\Http\\Middleware\\ConvertEmptyStringsToNull.php:31</span> {<samp data-depth=3 class=sf-dump-compact>
      <span class=sf-dump-note title=\"Illuminate\\Foundation\\Http\\Middleware\\ConvertEmptyStringsToNull-&gt;handle($request, Closure $next)
\"><span class=\"sf-dump-ellipsis sf-dump-ellipsis-note\">Illuminate\\Foundation\\Http\\Middleware</span><span class=\"sf-dump-ellipsis sf-dump-ellipsis-note\">\\</span>ConvertEmptyStringsToNull-&gt;handle($request, Closure $next)</span> &#8230;
      &#8250; 
      &#8250; <code class=\"php\"><span class=sf-dump-const title=\"in Illuminate\\Foundation\\Http\\Middleware\\ConvertEmptyStringsToNull-&gt;handle($request, Closure $next)\">    return parent::handle($request, $next);</span></code>
      &#8250; <code class=\"php\"><span class=sf-dump-default>}</span></code>
      <span class=sf-dump-meta>arguments</span>: { &#8230;2}
    </samp>}
    <span class=sf-dump-meta title=\"C:\\xampp\\htdocs\\apply like facebook\\active ecommer\\vendor\\laravel\\framework\\src\\Illuminate\\Pipeline\\Pipeline.php:183
Stack level 11.\"><span class=\"sf-dump-ellipsis sf-dump-ellipsis-path\">C:\\xampp\\htdocs\\apply like facebook\\active ecommer\\vendor</span><span class=\"sf-dump-ellipsis sf-dump-ellipsis-path\">\\laravel\\framework\\</span>src\\Illuminate\\Pipeline\\Pipeline.php:183</span> {<samp data-depth=3 class=sf-dump-compact>
      <span class=sf-dump-note title=\"Illuminate\\Pipeline\\Pipeline-&gt;Illuminate\\Pipeline\\{closure}
\"><span class=\"sf-dump-ellipsis sf-dump-ellipsis-note\">Illuminate\\Pipeline\\Pipeline-&gt;Illuminate\\Pipeline</span><span class=\"sf-dump-ellipsis sf-dump-ellipsis-note\">\\</span>{closure}</span> &#8230;
      &#8250; <code class=\"php\"><span class=sf-dump-default>$carry = method_exists($pipe, $this-&gt;method)</span></code>
      &#8250; <code class=\"php\"><span class=sf-dump-const title=\"in Illuminate\\Pipeline\\Pipeline-&gt;Illuminate\\Pipeline\\{closure}\">                ? $pipe-&gt;{$this-&gt;method}(...$parameters)</span></code>
      &#8250; <code class=\"php\"><span class=sf-dump-default>                : $pipe(...$parameters);</span></code>
      <span class=sf-dump-meta>arguments</span>: { &#8230;2}
    </samp>}
    <span class=sf-dump-meta title=\"C:\\xampp\\htdocs\\apply like facebook\\active ecommer\\vendor\\laravel\\framework\\src\\Illuminate\\Foundation\\Http\\Middleware\\TransformsRequest.php:21
Stack level 10.\"><span class=\"sf-dump-ellipsis sf-dump-ellipsis-path\">C:\\xampp\\htdocs\\apply like facebook\\active ecommer\\vendor</span><span class=\"sf-dump-ellipsis sf-dump-ellipsis-path\">\\laravel\\framework\\</span>src\\Illuminate\\Foundation\\Http\\Middleware\\TransformsRequest.php:21</span> {<samp data-depth=3 class=sf-dump-compact>
      <span class=sf-dump-note title=\"Illuminate\\Foundation\\Http\\Middleware\\TransformsRequest-&gt;handle($request, Closure $next)
\"><span class=\"sf-dump-ellipsis sf-dump-ellipsis-note\">Illuminate\\Foundation\\Http\\Middleware</span><span class=\"sf-dump-ellipsis sf-dump-ellipsis-note\">\\</span>TransformsRequest-&gt;handle($request, Closure $next)</span> &#8230;
      &#8250; 
      &#8250; <code class=\"php\"><span class=sf-dump-const title=\"in Illuminate\\Foundation\\Http\\Middleware\\TransformsRequest-&gt;handle($request, Closure $next)\">    return $next($request);</span></code>
      &#8250; <code class=\"php\"><span class=sf-dump-default>}</span></code>
      <span class=sf-dump-meta>arguments</span>: { &#8230;1}
    </samp>}
    <span class=sf-dump-meta title=\"C:\\xampp\\htdocs\\apply like facebook\\active ecommer\\vendor\\laravel\\framework\\src\\Illuminate\\Foundation\\Http\\Middleware\\TrimStrings.php:40
Stack level 9.\"><span class=\"sf-dump-ellipsis sf-dump-ellipsis-path\">C:\\xampp\\htdocs\\apply like facebook\\active ecommer\\vendor</span><span class=\"sf-dump-ellipsis sf-dump-ellipsis-path\">\\laravel\\framework\\</span>src\\Illuminate\\Foundation\\Http\\Middleware\\TrimStrings.php:40</span> {<samp data-depth=3 class=sf-dump-compact>
      <span class=sf-dump-note title=\"Illuminate\\Foundation\\Http\\Middleware\\TrimStrings-&gt;handle($request, Closure $next)
\"><span class=\"sf-dump-ellipsis sf-dump-ellipsis-note\">Illuminate\\Foundation\\Http\\Middleware</span><span class=\"sf-dump-ellipsis sf-dump-ellipsis-note\">\\</span>TrimStrings-&gt;handle($request, Closure $next)</span> &#8230;
      &#8250; 
      &#8250; <code class=\"php\"><span class=sf-dump-const title=\"in Illuminate\\Foundation\\Http\\Middleware\\TrimStrings-&gt;handle($request, Closure $next)\">    return parent::handle($request, $next);</span></code>
      &#8250; <code class=\"php\"><span class=sf-dump-default>}</span></code>
      <span class=sf-dump-meta>arguments</span>: { &#8230;2}
    </samp>}
    <span class=sf-dump-meta title=\"C:\\xampp\\htdocs\\apply like facebook\\active ecommer\\vendor\\laravel\\framework\\src\\Illuminate\\Pipeline\\Pipeline.php:183
Stack level 8.\"><span class=\"sf-dump-ellipsis sf-dump-ellipsis-path\">C:\\xampp\\htdocs\\apply like facebook\\active ecommer\\vendor</span><span class=\"sf-dump-ellipsis sf-dump-ellipsis-path\">\\laravel\\framework\\</span>src\\Illuminate\\Pipeline\\Pipeline.php:183</span> {<samp data-depth=3 class=sf-dump-compact>
      <span class=sf-dump-note title=\"Illuminate\\Pipeline\\Pipeline-&gt;Illuminate\\Pipeline\\{closure}
\"><span class=\"sf-dump-ellipsis sf-dump-ellipsis-note\">Illuminate\\Pipeline\\Pipeline-&gt;Illuminate\\Pipeline</span><span class=\"sf-dump-ellipsis sf-dump-ellipsis-note\">\\</span>{closure}</span> &#8230;
      &#8250; <code class=\"php\"><span class=sf-dump-default>$carry = method_exists($pipe, $this-&gt;method)</span></code>
      &#8250; <code class=\"php\"><span class=sf-dump-const title=\"in Illuminate\\Pipeline\\Pipeline-&gt;Illuminate\\Pipeline\\{closure}\">                ? $pipe-&gt;{$this-&gt;method}(...$parameters)</span></code>
      &#8250; <code class=\"php\"><span class=sf-dump-default>                : $pipe(...$parameters);</span></code>
      <span class=sf-dump-meta>arguments</span>: { &#8230;2}
    </samp>}
    <span class=sf-dump-meta title=\"C:\\xampp\\htdocs\\apply like facebook\\active ecommer\\vendor\\laravel\\framework\\src\\Illuminate\\Foundation\\Http\\Middleware\\ValidatePostSize.php:27
Stack level 7.\"><span class=\"sf-dump-ellipsis sf-dump-ellipsis-path\">C:\\xampp\\htdocs\\apply like facebook\\active ecommer\\vendor</span><span class=\"sf-dump-ellipsis sf-dump-ellipsis-path\">\\laravel\\framework\\</span>src\\Illuminate\\Foundation\\Http\\Middleware\\ValidatePostSize.php:27</span> {<samp data-depth=3 class=sf-dump-compact>
      <span class=sf-dump-note title=\"Illuminate\\Foundation\\Http\\Middleware\\ValidatePostSize-&gt;handle($request, Closure $next)
\"><span class=\"sf-dump-ellipsis sf-dump-ellipsis-note\">Illuminate\\Foundation\\Http\\Middleware</span><span class=\"sf-dump-ellipsis sf-dump-ellipsis-note\">\\</span>ValidatePostSize-&gt;handle($request, Closure $next)</span> &#8230;
      &#8250; 
      &#8250; <code class=\"php\"><span class=sf-dump-const title=\"in Illuminate\\Foundation\\Http\\Middleware\\ValidatePostSize-&gt;handle($request, Closure $next)\">    return $next($request);</span></code>
      &#8250; <code class=\"php\"><span class=sf-dump-default>}</span></code>
      <span class=sf-dump-meta>arguments</span>: { &#8230;1}
    </samp>}
    <span class=sf-dump-meta title=\"C:\\xampp\\htdocs\\apply like facebook\\active ecommer\\vendor\\laravel\\framework\\src\\Illuminate\\Pipeline\\Pipeline.php:183
Stack level 6.\"><span class=\"sf-dump-ellipsis sf-dump-ellipsis-path\">C:\\xampp\\htdocs\\apply like facebook\\active ecommer\\vendor</span><span class=\"sf-dump-ellipsis sf-dump-ellipsis-path\">\\laravel\\framework\\</span>src\\Illuminate\\Pipeline\\Pipeline.php:183</span> {<samp data-depth=3 class=sf-dump-compact>
      <span class=sf-dump-note title=\"Illuminate\\Pipeline\\Pipeline-&gt;Illuminate\\Pipeline\\{closure}
\"><span class=\"sf-dump-ellipsis sf-dump-ellipsis-note\">Illuminate\\Pipeline\\Pipeline-&gt;Illuminate\\Pipeline</span><span class=\"sf-dump-ellipsis sf-dump-ellipsis-note\">\\</span>{closure}</span> &#8230;
      &#8250; <code class=\"php\"><span class=sf-dump-default>$carry = method_exists($pipe, $this-&gt;method)</span></code>
      &#8250; <code class=\"php\"><span class=sf-dump-const title=\"in Illuminate\\Pipeline\\Pipeline-&gt;Illuminate\\Pipeline\\{closure}\">                ? $pipe-&gt;{$this-&gt;method}(...$parameters)</span></code>
      &#8250; <code class=\"php\"><span class=sf-dump-default>                : $pipe(...$parameters);</span></code>
      <span class=sf-dump-meta>arguments</span>: { &#8230;2}
    </samp>}
    <span class=sf-dump-meta title=\"C:\\xampp\\htdocs\\apply like facebook\\active ecommer\\vendor\\laravel\\framework\\src\\Illuminate\\Pipeline\\Pipeline.php:119
Stack level 5.\"><span class=\"sf-dump-ellipsis sf-dump-ellipsis-path\">C:\\xampp\\htdocs\\apply like facebook\\active ecommer\\vendor</span><span class=\"sf-dump-ellipsis sf-dump-ellipsis-path\">\\laravel\\framework\\</span>src\\Illuminate\\Pipeline\\Pipeline.php:119</span> {<samp data-depth=3 class=sf-dump-compact>
      <span class=sf-dump-note title=\"Illuminate\\Pipeline\\Pipeline-&gt;then(Closure $destination)
\"><span class=\"sf-dump-ellipsis sf-dump-ellipsis-note\">Illuminate\\Pipeline</span><span class=\"sf-dump-ellipsis sf-dump-ellipsis-note\">\\</span>Pipeline-&gt;then(Closure $destination)</span> &#8230;
      &#8250; 
      &#8250; <code class=\"php\"><span class=sf-dump-const title=\"in Illuminate\\Pipeline\\Pipeline-&gt;then(Closure $destination)\">    return $pipeline($this-&gt;passable);</span></code>
      &#8250; <code class=\"php\"><span class=sf-dump-default>}</span></code>
      <span class=sf-dump-meta>arguments</span>: { &#8230;1}
    </samp>}
    <span class=sf-dump-meta title=\"C:\\xampp\\htdocs\\apply like facebook\\active ecommer\\vendor\\laravel\\framework\\src\\Illuminate\\Foundation\\Http\\Kernel.php:175
Stack level 4.\"><span class=\"sf-dump-ellipsis sf-dump-ellipsis-path\">C:\\xampp\\htdocs\\apply like facebook\\active ecommer\\vendor</span><span class=\"sf-dump-ellipsis sf-dump-ellipsis-path\">\\laravel\\framework\\</span>src\\Illuminate\\Foundation\\Http\\Kernel.php:175</span> {<samp data-depth=3 class=sf-dump-compact>
      <span class=sf-dump-note title=\"Illuminate\\Foundation\\Http\\Kernel-&gt;sendRequestThroughRouter($request)
\"><span class=\"sf-dump-ellipsis sf-dump-ellipsis-note\">Illuminate\\Foundation\\Http</span><span class=\"sf-dump-ellipsis sf-dump-ellipsis-note\">\\</span>Kernel-&gt;sendRequestThroughRouter($request)</span> &#8230;
      &#8250; <code class=\"php\"><span class=sf-dump-default>                -&gt;through($this-&gt;app-&gt;shouldSkipMiddleware() ? [] : $this-&gt;middleware)</span></code>
      &#8250; <code class=\"php\"><span class=sf-dump-const title=\"in Illuminate\\Foundation\\Http\\Kernel-&gt;sendRequestThroughRouter($request)\">                -&gt;then($this-&gt;dispatchToRouter());</span></code>
      &#8250; <code class=\"php\"><span class=sf-dump-default>}</span></code>
      <span class=sf-dump-meta>arguments</span>: { &#8230;1}
    </samp>}
    <span class=sf-dump-meta title=\"C:\\xampp\\htdocs\\apply like facebook\\active ecommer\\vendor\\laravel\\framework\\src\\Illuminate\\Foundation\\Http\\Kernel.php:144
Stack level 3.\"><span class=\"sf-dump-ellipsis sf-dump-ellipsis-path\">C:\\xampp\\htdocs\\apply like facebook\\active ecommer\\vendor</span><span class=\"sf-dump-ellipsis sf-dump-ellipsis-path\">\\laravel\\framework\\</span>src\\Illuminate\\Foundation\\Http\\Kernel.php:144</span> {<samp data-depth=3 class=sf-dump-compact>
      <span class=sf-dump-note title=\"Illuminate\\Foundation\\Http\\Kernel-&gt;handle($request)
\"><span class=\"sf-dump-ellipsis sf-dump-ellipsis-note\">Illuminate\\Foundation\\Http</span><span class=\"sf-dump-ellipsis sf-dump-ellipsis-note\">\\</span>Kernel-&gt;handle($request)</span> &#8230;
      &#8250; 
      &#8250; <code class=\"php\"><span class=sf-dump-const title=\"in Illuminate\\Foundation\\Http\\Kernel-&gt;handle($request)\">    $response = $this-&gt;sendRequestThroughRouter($request);</span></code>
      &#8250; <code class=\"php\"><span class=sf-dump-default>} catch (Throwable $e) {</span></code>
      <span class=sf-dump-meta>arguments</span>: { &#8230;1}
    </samp>}
    <span class=sf-dump-meta title=\"C:\\xampp\\htdocs\\apply like facebook\\active ecommer\\public\\index.php:56
Stack level 2.\"><span class=\"sf-dump-ellipsis sf-dump-ellipsis-path\">C:\\xampp\\htdocs\\apply like facebook\\active ecommer</span><span class=\"sf-dump-ellipsis sf-dump-ellipsis-path\">\\</span>public\\index.php:56</span> {<samp data-depth=3 class=sf-dump-compact>
      <span class=sf-dump-note>require_once</span> &#8230;
      &#8250; 
      &#8250; <code class=\"php\"><span class=sf-dump-const title=\"in require_once\">$response = $kernel-&gt;handle(</span></code>
      &#8250; <code class=\"php\"><span class=sf-dump-default>    $request = Illuminate\\Http\\Request::capture()</span></code>
      <span class=sf-dump-meta>arguments</span>: { &#8230;1}
    </samp>}
    <span class=sf-dump-meta title=\"C:\\xampp\\htdocs\\apply like facebook\\active ecommer\\server.php:21
Stack level 1.\"><span class=\"sf-dump-ellipsis sf-dump-ellipsis-path\">C:\\xampp\\htdocs\\apply like facebook\\active ecommer</span><span class=\"sf-dump-ellipsis sf-dump-ellipsis-path\">\\</span>server.php:21</span> {<samp data-depth=3 class=sf-dump-compact>
      &#8250; <code class=\"php\"><span class=sf-dump-default><span class=\"sf-dump-default sf-dump-ns\">\\r</span></span></code>
      &#8250; <code class=\"php\"><span class=sf-dump-const title=\"\">require_once __DIR__.&#039;/public/index.php&#039;;<span class=\"sf-dump-default sf-dump-ns\">\\r</span></span></code>
      &#8250; 
      <span class=sf-dump-meta>arguments</span>: { &#8230;1}
    </samp>}
  </samp>}
</samp>}
</pre><script>Sfdump(\"sf-dump-1569068050\", {\"maxDepth\":3,\"maxStringLength\":160})</script>
"}},"userId":9,"exception":"[object] (Spatie\\LaravelIgnition\\Exceptions\\ViewException(code: 0): No connection could be made because the target machine actively refused it [tcp://127.0.0.1:6379] at C:\\xampp\\htdocs\\apply like facebook\\active ecommer\\vendor\\predis\\predis\\src\\Connection\\AbstractConnection.php:144)
[stacktrace]
#0 C:\\xampp\\htdocs\\apply like facebook\\active ecommer\\vendor\\predis\\predis\\src\\Connection\\StreamConnection.php(109): Predis\\Connection\\AbstractConnection->onConnectionError('No connection c...', 10061)
#1 C:\\xampp\\htdocs\\apply like facebook\\active ecommer\\vendor\\predis\\predis\\src\\Connection\\StreamConnection.php(154): Predis\\Connection\\StreamConnection->createStreamSocket(Object(Predis\\Connection\\Parameters), 'tcp://127.0.0.1...', 4)
#2 C:\\xampp\\htdocs\\apply like facebook\\active ecommer\\vendor\\predis\\predis\\src\\Connection\\StreamConnection.php(80): Predis\\Connection\\StreamConnection->tcpStreamInitializer(Object(Predis\\Connection\\Parameters))
#3 C:\\xampp\\htdocs\\apply like facebook\\active ecommer\\vendor\\predis\\predis\\src\\Connection\\AbstractConnection.php(85): Predis\\Connection\\StreamConnection->createResource()
#4 C:\\xampp\\htdocs\\apply like facebook\\active ecommer\\vendor\\predis\\predis\\src\\Connection\\StreamConnection.php(230): Predis\\Connection\\AbstractConnection->connect()
#5 C:\\xampp\\htdocs\\apply like facebook\\active ecommer\\vendor\\predis\\predis\\src\\Connection\\AbstractConnection.php(169): Predis\\Connection\\StreamConnection->connect()
#6 C:\\xampp\\htdocs\\apply like facebook\\active ecommer\\vendor\\predis\\predis\\src\\Connection\\StreamConnection.php(265): Predis\\Connection\\AbstractConnection->getResource()
#7 C:\\xampp\\htdocs\\apply like facebook\\active ecommer\\vendor\\predis\\predis\\src\\Connection\\StreamConnection.php(372): Predis\\Connection\\StreamConnection->write('*2\\r\\n$3\\r\\nGET\\r\\n$3...')
#8 C:\\xampp\\htdocs\\apply like facebook\\active ecommer\\vendor\\predis\\predis\\src\\Connection\\AbstractConnection.php(122): Predis\\Connection\\StreamConnection->writeRequest(Object(Predis\\Command\\Redis\\GET))
#9 C:\\xampp\\htdocs\\apply like facebook\\active ecommer\\vendor\\predis\\predis\\src\\Client.php(381): Predis\\Connection\\AbstractConnection->executeCommand(Object(Predis\\Command\\Redis\\GET))
#10 C:\\xampp\\htdocs\\apply like facebook\\active ecommer\\vendor\\predis\\predis\\src\\Client.php(335): Predis\\Client->executeCommand(Object(Predis\\Command\\Redis\\GET))
#11 C:\\xampp\\htdocs\\apply like facebook\\active ecommer\\vendor\\laravel\\framework\\src\\Illuminate\\Redis\\Connections\\Connection.php(116): Predis\\Client->__call('get', Array)
#12 C:\\xampp\\htdocs\\apply like facebook\\active ecommer\\vendor\\laravel\\framework\\src\\Illuminate\\Redis\\Connections\\Connection.php(229): Illuminate\\Redis\\Connections\\Connection->command('get', Array)
#13 C:\\xampp\\htdocs\\apply like facebook\\active ecommer\\vendor\\laravel\\framework\\src\\Illuminate\\Cache\\RedisStore.php(65): Illuminate\\Redis\\Connections\\Connection->__call('get', Array)
#14 C:\\xampp\\htdocs\\apply like facebook\\active ecommer\\vendor\\laravel\\framework\\src\\Illuminate\\Cache\\Repository.php(98): Illuminate\\Cache\\RedisStore->get('addons')
#15 C:\\xampp\\htdocs\\apply like facebook\\active ecommer\\vendor\\laravel\\framework\\src\\Illuminate\\Cache\\Repository.php(387): Illuminate\\Cache\\Repository->get('addons')
#16 C:\\xampp\\htdocs\\apply like facebook\\active ecommer\\vendor\\laravel\\framework\\src\\Illuminate\\Cache\\CacheManager.php(429): Illuminate\\Cache\\Repository->remember('addons', 86400, Object(Closure))
#17 C:\\xampp\\htdocs\\apply like facebook\\active ecommer\\vendor\\laravel\\framework\\src\\Illuminate\\Support\\Facades\\Facade.php(355): Illuminate\\Cache\\CacheManager->__call('remember', Array)
#18 C:\\xampp\\htdocs\\apply like facebook\\active ecommer\\app\\Http\\Helpers.php(1687): Illuminate\\Support\\Facades\\Facade::__callStatic('remember', Array)
#19 C:\\xampp\\htdocs\\apply like facebook\\active ecommer\\resources\\views\\errors\\404.blade.php(1): addon_is_activated('portfolio_syste...')
#20 C:\\xampp\\htdocs\\apply like facebook\\active ecommer\\vendor\\laravel\\framework\\src\\Illuminate\\Filesystem\\Filesystem.php(123): require('C:\\\\xampp\\\\htdocs...')
#21 C:\\xampp\\htdocs\\apply like facebook\\active ecommer\\vendor\\laravel\\framework\\src\\Illuminate\\Filesystem\\Filesystem.php(124): Illuminate\\Filesystem\\Filesystem::Illuminate\\Filesystem\\{closure}()
#22 C:\\xampp\\htdocs\\apply like facebook\\active ecommer\\vendor\\laravel\\framework\\src\\Illuminate\\View\\Engines\\PhpEngine.php(58): Illuminate\\Filesystem\\Filesystem->getRequire('C:\\\\xampp\\\\htdocs...', Array)
#23 C:\\xampp\\htdocs\\apply like facebook\\active ecommer\\vendor\\laravel\\framework\\src\\Illuminate\\View\\Engines\\CompilerEngine.php(72): Illuminate\\View\\Engines\\PhpEngine->evaluatePath('C:\\\\xampp\\\\htdocs...', Array)
#24 C:\\xampp\\htdocs\\apply like facebook\\active ecommer\\vendor\\laravel\\framework\\src\\Illuminate\\View\\View.php(207): Illuminate\\View\\Engines\\CompilerEngine->get('C:\\\\xampp\\\\htdocs...', Array)
#25 C:\\xampp\\htdocs\\apply like facebook\\active ecommer\\vendor\\laravel\\framework\\src\\Illuminate\\View\\View.php(190): Illuminate\\View\\View->getContents()
#26 C:\\xampp\\htdocs\\apply like facebook\\active ecommer\\vendor\\laravel\\framework\\src\\Illuminate\\View\\View.php(159): Illuminate\\View\\View->renderContents()
#27 C:\\xampp\\htdocs\\apply like facebook\\active ecommer\\vendor\\laravel\\framework\\src\\Illuminate\\Http\\Response.php(69): Illuminate\\View\\View->render()
#28 C:\\xampp\\htdocs\\apply like facebook\\active ecommer\\vendor\\laravel\\framework\\src\\Illuminate\\Http\\Response.php(35): Illuminate\\Http\\Response->setContent(Object(Illuminate\\View\\View))
#29 C:\\xampp\\htdocs\\apply like facebook\\active ecommer\\vendor\\laravel\\framework\\src\\Illuminate\\Routing\\ResponseFactory.php(58): Illuminate\\Http\\Response->__construct(Object(Illuminate\\View\\View), 404, Array)
#30 C:\\xampp\\htdocs\\apply like facebook\\active ecommer\\vendor\\laravel\\framework\\src\\Illuminate\\Routing\\ResponseFactory.php(88): Illuminate\\Routing\\ResponseFactory->make(Object(Illuminate\\View\\View), 404, Array)
#31 C:\\xampp\\htdocs\\apply like facebook\\active ecommer\\vendor\\laravel\\framework\\src\\Illuminate\\Foundation\\Exceptions\\Handler.php(723): Illuminate\\Routing\\ResponseFactory->view('errors::404', Array, 404, Array)
#32 C:\\xampp\\htdocs\\apply like facebook\\active ecommer\\vendor\\laravel\\framework\\src\\Illuminate\\Foundation\\Exceptions\\Handler.php(650): Illuminate\\Foundation\\Exceptions\\Handler->renderHttpException(Object(Symfony\\Component\\HttpKernel\\Exception\\NotFoundHttpException))
#33 C:\\xampp\\htdocs\\apply like facebook\\active ecommer\\vendor\\laravel\\framework\\src\\Illuminate\\Foundation\\Exceptions\\Handler.php(556): Illuminate\\Foundation\\Exceptions\\Handler->prepareResponse(Object(Illuminate\\Http\\Request), Object(Symfony\\Component\\HttpKernel\\Exception\\NotFoundHttpException))
#34 C:\\xampp\\htdocs\\apply like facebook\\active ecommer\\vendor\\laravel\\framework\\src\\Illuminate\\Foundation\\Exceptions\\Handler.php(473): Illuminate\\Foundation\\Exceptions\\Handler->renderExceptionResponse(Object(Illuminate\\Http\\Request), Object(Symfony\\Component\\HttpKernel\\Exception\\NotFoundHttpException))
#35 C:\\xampp\\htdocs\\apply like facebook\\active ecommer\\app\\Exceptions\\Handler.php(55): Illuminate\\Foundation\\Exceptions\\Handler->render(Object(Illuminate\\Http\\Request), Object(Symfony\\Component\\HttpKernel\\Exception\\NotFoundHttpException))
#36 C:\\xampp\\htdocs\\apply like facebook\\active ecommer\\vendor\\laravel\\framework\\src\\Illuminate\\Routing\\Pipeline.php(51): App\\Exceptions\\Handler->render(Object(Illuminate\\Http\\Request), Object(Symfony\\Component\\HttpKernel\\Exception\\NotFoundHttpException))
#37 C:\\xampp\\htdocs\\apply like facebook\\active ecommer\\vendor\\laravel\\framework\\src\\Illuminate\\Pipeline\\Pipeline.php(146): Illuminate\\Routing\\Pipeline->handleException(Object(Illuminate\\Http\\Request), Object(Symfony\\Component\\HttpKernel\\Exception\\NotFoundHttpException))
#38 C:\\xampp\\htdocs\\apply like facebook\\active ecommer\\vendor\\barryvdh\\laravel-debugbar\\src\\Middleware\\InjectDebugbar.php(66): Illuminate\\Pipeline\\Pipeline->Illuminate\\Pipeline\\{closure}(Object(Illuminate\\Http\\Request))
#39 C:\\xampp\\htdocs\\apply like facebook\\active ecommer\\vendor\\laravel\\framework\\src\\Illuminate\\Pipeline\\Pipeline.php(183): Barryvdh\\Debugbar\\Middleware\\InjectDebugbar->handle(Object(Illuminate\\Http\\Request), Object(Closure))
#40 C:\\xampp\\htdocs\\apply like facebook\\active ecommer\\vendor\\laravel\\framework\\src\\Illuminate\\View\\Middleware\\ShareErrorsFromSession.php(49): Illuminate\\Pipeline\\Pipeline->Illuminate\\Pipeline\\{closure}(Object(Illuminate\\Http\\Request))
#41 C:\\xampp\\htdocs\\apply like facebook\\active ecommer\\vendor\\laravel\\framework\\src\\Illuminate\\Pipeline\\Pipeline.php(183): Illuminate\\View\\Middleware\\ShareErrorsFromSession->handle(Object(Illuminate\\Http\\Request), Object(Closure))
#42 C:\\xampp\\htdocs\\apply like facebook\\active ecommer\\vendor\\laravel\\framework\\src\\Illuminate\\Session\\Middleware\\StartSession.php(121): Illuminate\\Pipeline\\Pipeline->Illuminate\\Pipeline\\{closure}(Object(Illuminate\\Http\\Request))
#43 C:\\xampp\\htdocs\\apply like facebook\\active ecommer\\vendor\\laravel\\framework\\src\\Illuminate\\Session\\Middleware\\StartSession.php(64): Illuminate\\Session\\Middleware\\StartSession->handleStatefulRequest(Object(Illuminate\\Http\\Request), Object(Illuminate\\Session\\Store), Object(Closure))
#44 C:\\xampp\\htdocs\\apply like facebook\\active ecommer\\vendor\\laravel\\framework\\src\\Illuminate\\Pipeline\\Pipeline.php(183): Illuminate\\Session\\Middleware\\StartSession->handle(Object(Illuminate\\Http\\Request), Object(Closure))
#45 C:\\xampp\\htdocs\\apply like facebook\\active ecommer\\vendor\\laravel\\framework\\src\\Illuminate\\Http\\Middleware\\TrustProxies.php(39): Illuminate\\Pipeline\\Pipeline->Illuminate\\Pipeline\\{closure}(Object(Illuminate\\Http\\Request))
#46 C:\\xampp\\htdocs\\apply like facebook\\active ecommer\\vendor\\laravel\\framework\\src\\Illuminate\\Pipeline\\Pipeline.php(183): Illuminate\\Http\\Middleware\\TrustProxies->handle(Object(Illuminate\\Http\\Request), Object(Closure))
#47 C:\\xampp\\htdocs\\apply like facebook\\active ecommer\\vendor\\laravel\\framework\\src\\Illuminate\\Foundation\\Http\\Middleware\\TransformsRequest.php(21): Illuminate\\Pipeline\\Pipeline->Illuminate\\Pipeline\\{closure}(Object(Illuminate\\Http\\Request))
#48 C:\\xampp\\htdocs\\apply like facebook\\active ecommer\\vendor\\laravel\\framework\\src\\Illuminate\\Foundation\\Http\\Middleware\\ConvertEmptyStringsToNull.php(31): Illuminate\\Foundation\\Http\\Middleware\\TransformsRequest->handle(Object(Illuminate\\Http\\Request), Object(Closure))
#49 C:\\xampp\\htdocs\\apply like facebook\\active ecommer\\vendor\\laravel\\framework\\src\\Illuminate\\Pipeline\\Pipeline.php(183): Illuminate\\Foundation\\Http\\Middleware\\ConvertEmptyStringsToNull->handle(Object(Illuminate\\Http\\Request), Object(Closure))
#50 C:\\xampp\\htdocs\\apply like facebook\\active ecommer\\vendor\\laravel\\framework\\src\\Illuminate\\Foundation\\Http\\Middleware\\TransformsRequest.php(21): Illuminate\\Pipeline\\Pipeline->Illuminate\\Pipeline\\{closure}(Object(Illuminate\\Http\\Request))
#51 C:\\xampp\\htdocs\\apply like facebook\\active ecommer\\vendor\\laravel\\framework\\src\\Illuminate\\Foundation\\Http\\Middleware\\TrimStrings.php(40): Illuminate\\Foundation\\Http\\Middleware\\TransformsRequest->handle(Object(Illuminate\\Http\\Request), Object(Closure))
#52 C:\\xampp\\htdocs\\apply like facebook\\active ecommer\\vendor\\laravel\\framework\\src\\Illuminate\\Pipeline\\Pipeline.php(183): Illuminate\\Foundation\\Http\\Middleware\\TrimStrings->handle(Object(Illuminate\\Http\\Request), Object(Closure))
#53 C:\\xampp\\htdocs\\apply like facebook\\active ecommer\\vendor\\laravel\\framework\\src\\Illuminate\\Foundation\\Http\\Middleware\\ValidatePostSize.php(27): Illuminate\\Pipeline\\Pipeline->Illuminate\\Pipeline\\{closure}(Object(Illuminate\\Http\\Request))
#54 C:\\xampp\\htdocs\\apply like facebook\\active ecommer\\vendor\\laravel\\framework\\src\\Illuminate\\Pipeline\\Pipeline.php(183): Illuminate\\Foundation\\Http\\Middleware\\ValidatePostSize->handle(Object(Illuminate\\Http\\Request), Object(Closure))
#55 C:\\xampp\\htdocs\\apply like facebook\\active ecommer\\vendor\\laravel\\framework\\src\\Illuminate\\Pipeline\\Pipeline.php(119): Illuminate\\Pipeline\\Pipeline->Illuminate\\Pipeline\\{closure}(Object(Illuminate\\Http\\Request))
#56 C:\\xampp\\htdocs\\apply like facebook\\active ecommer\\vendor\\laravel\\framework\\src\\Illuminate\\Foundation\\Http\\Kernel.php(175): Illuminate\\Pipeline\\Pipeline->then(Object(Closure))
#57 C:\\xampp\\htdocs\\apply like facebook\\active ecommer\\vendor\\laravel\\framework\\src\\Illuminate\\Foundation\\Http\\Kernel.php(144): Illuminate\\Foundation\\Http\\Kernel->sendRequestThroughRouter(Object(Illuminate\\Http\\Request))
#58 C:\\xampp\\htdocs\\apply like facebook\\active ecommer\\public\\index.php(56): Illuminate\\Foundation\\Http\\Kernel->handle(Object(Illuminate\\Http\\Request))
#59 C:\\xampp\\htdocs\\apply like facebook\\active ecommer\\server.php(21): require_once('C:\\\\xampp\\\\htdocs...')
#60 {main}

[previous exception] [object] (Predis\\Connection\\ConnectionException(code: 10061): No connection could be made because the target machine actively refused it [tcp://127.0.0.1:6379] at C:\\xampp\\htdocs\\apply like facebook\\active ecommer\\vendor\\predis\\predis\\src\\Connection\\AbstractConnection.php:144)
[stacktrace]
#0 C:\\xampp\\htdocs\\apply like facebook\\active ecommer\\vendor\\predis\\predis\\src\\Connection\\StreamConnection.php(109): Predis\\Connection\\AbstractConnection->onConnectionError('No connection c...', 10061)
#1 C:\\xampp\\htdocs\\apply like facebook\\active ecommer\\vendor\\predis\\predis\\src\\Connection\\StreamConnection.php(154): Predis\\Connection\\StreamConnection->createStreamSocket(Object(Predis\\Connection\\Parameters), 'tcp://127.0.0.1...', 4)
#2 C:\\xampp\\htdocs\\apply like facebook\\active ecommer\\vendor\\predis\\predis\\src\\Connection\\StreamConnection.php(80): Predis\\Connection\\StreamConnection->tcpStreamInitializer(Object(Predis\\Connection\\Parameters))
#3 C:\\xampp\\htdocs\\apply like facebook\\active ecommer\\vendor\\predis\\predis\\src\\Connection\\AbstractConnection.php(85): Predis\\Connection\\StreamConnection->createResource()
#4 C:\\xampp\\htdocs\\apply like facebook\\active ecommer\\vendor\\predis\\predis\\src\\Connection\\StreamConnection.php(230): Predis\\Connection\\AbstractConnection->connect()
#5 C:\\xampp\\htdocs\\apply like facebook\\active ecommer\\vendor\\predis\\predis\\src\\Connection\\AbstractConnection.php(169): Predis\\Connection\\StreamConnection->connect()
#6 C:\\xampp\\htdocs\\apply like facebook\\active ecommer\\vendor\\predis\\predis\\src\\Connection\\StreamConnection.php(265): Predis\\Connection\\AbstractConnection->getResource()
#7 C:\\xampp\\htdocs\\apply like facebook\\active ecommer\\vendor\\predis\\predis\\src\\Connection\\StreamConnection.php(372): Predis\\Connection\\StreamConnection->write('*2\\r\\n$3\\r\\nGET\\r\\n$3...')
#8 C:\\xampp\\htdocs\\apply like facebook\\active ecommer\\vendor\\predis\\predis\\src\\Connection\\AbstractConnection.php(122): Predis\\Connection\\StreamConnection->writeRequest(Object(Predis\\Command\\Redis\\GET))
#9 C:\\xampp\\htdocs\\apply like facebook\\active ecommer\\vendor\\predis\\predis\\src\\Client.php(381): Predis\\Connection\\AbstractConnection->executeCommand(Object(Predis\\Command\\Redis\\GET))
#10 C:\\xampp\\htdocs\\apply like facebook\\active ecommer\\vendor\\predis\\predis\\src\\Client.php(335): Predis\\Client->executeCommand(Object(Predis\\Command\\Redis\\GET))
#11 C:\\xampp\\htdocs\\apply like facebook\\active ecommer\\vendor\\laravel\\framework\\src\\Illuminate\\Redis\\Connections\\Connection.php(116): Predis\\Client->__call('get', Array)
#12 C:\\xampp\\htdocs\\apply like facebook\\active ecommer\\vendor\\laravel\\framework\\src\\Illuminate\\Redis\\Connections\\Connection.php(229): Illuminate\\Redis\\Connections\\Connection->command('get', Array)
#13 C:\\xampp\\htdocs\\apply like facebook\\active ecommer\\vendor\\laravel\\framework\\src\\Illuminate\\Cache\\RedisStore.php(65): Illuminate\\Redis\\Connections\\Connection->__call('get', Array)
#14 C:\\xampp\\htdocs\\apply like facebook\\active ecommer\\vendor\\laravel\\framework\\src\\Illuminate\\Cache\\Repository.php(98): Illuminate\\Cache\\RedisStore->get('addons')
#15 C:\\xampp\\htdocs\\apply like facebook\\active ecommer\\vendor\\laravel\\framework\\src\\Illuminate\\Cache\\Repository.php(387): Illuminate\\Cache\\Repository->get('addons')
#16 C:\\xampp\\htdocs\\apply like facebook\\active ecommer\\vendor\\laravel\\framework\\src\\Illuminate\\Cache\\CacheManager.php(429): Illuminate\\Cache\\Repository->remember('addons', 86400, Object(Closure))
#17 C:\\xampp\\htdocs\\apply like facebook\\active ecommer\\vendor\\laravel\\framework\\src\\Illuminate\\Support\\Facades\\Facade.php(355): Illuminate\\Cache\\CacheManager->__call('remember', Array)
#18 C:\\xampp\\htdocs\\apply like facebook\\active ecommer\\app\\Http\\Helpers.php(1687): Illuminate\\Support\\Facades\\Facade::__callStatic('remember', Array)
#19 C:\\xampp\\htdocs\\apply like facebook\\active ecommer\\storage\\framework\\views\\a322a5ed9de0ed526e2cc43a47e1f51e.php(4): addon_is_activated('portfolio_syste...')
#20 C:\\xampp\\htdocs\\apply like facebook\\active ecommer\\vendor\\laravel\\framework\\src\\Illuminate\\Filesystem\\Filesystem.php(123): require('C:\\\\xampp\\\\htdocs...')
#21 C:\\xampp\\htdocs\\apply like facebook\\active ecommer\\vendor\\laravel\\framework\\src\\Illuminate\\Filesystem\\Filesystem.php(124): Illuminate\\Filesystem\\Filesystem::Illuminate\\Filesystem\\{closure}()
#22 C:\\xampp\\htdocs\\apply like facebook\\active ecommer\\vendor\\laravel\\framework\\src\\Illuminate\\View\\Engines\\PhpEngine.php(58): Illuminate\\Filesystem\\Filesystem->getRequire('C:\\\\xampp\\\\htdocs...', Array)
#23 C:\\xampp\\htdocs\\apply like facebook\\active ecommer\\vendor\\laravel\\framework\\src\\Illuminate\\View\\Engines\\CompilerEngine.php(72): Illuminate\\View\\Engines\\PhpEngine->evaluatePath('C:\\\\xampp\\\\htdocs...', Array)
#24 C:\\xampp\\htdocs\\apply like facebook\\active ecommer\\vendor\\laravel\\framework\\src\\Illuminate\\View\\View.php(207): Illuminate\\View\\Engines\\CompilerEngine->get('C:\\\\xampp\\\\htdocs...', Array)
#25 C:\\xampp\\htdocs\\apply like facebook\\active ecommer\\vendor\\laravel\\framework\\src\\Illuminate\\View\\View.php(190): Illuminate\\View\\View->getContents()
#26 C:\\xampp\\htdocs\\apply like facebook\\active ecommer\\vendor\\laravel\\framework\\src\\Illuminate\\View\\View.php(159): Illuminate\\View\\View->renderContents()
#27 C:\\xampp\\htdocs\\apply like facebook\\active ecommer\\vendor\\laravel\\framework\\src\\Illuminate\\Http\\Response.php(69): Illuminate\\View\\View->render()
#28 C:\\xampp\\htdocs\\apply like facebook\\active ecommer\\vendor\\laravel\\framework\\src\\Illuminate\\Http\\Response.php(35): Illuminate\\Http\\Response->setContent(Object(Illuminate\\View\\View))
#29 C:\\xampp\\htdocs\\apply like facebook\\active ecommer\\vendor\\laravel\\framework\\src\\Illuminate\\Routing\\ResponseFactory.php(58): Illuminate\\Http\\Response->__construct(Object(Illuminate\\View\\View), 404, Array)
#30 C:\\xampp\\htdocs\\apply like facebook\\active ecommer\\vendor\\laravel\\framework\\src\\Illuminate\\Routing\\ResponseFactory.php(88): Illuminate\\Routing\\ResponseFactory->make(Object(Illuminate\\View\\View), 404, Array)
#31 C:\\xampp\\htdocs\\apply like facebook\\active ecommer\\vendor\\laravel\\framework\\src\\Illuminate\\Foundation\\Exceptions\\Handler.php(723): Illuminate\\Routing\\ResponseFactory->view('errors::404', Array, 404, Array)
#32 C:\\xampp\\htdocs\\apply like facebook\\active ecommer\\vendor\\laravel\\framework\\src\\Illuminate\\Foundation\\Exceptions\\Handler.php(650): Illuminate\\Foundation\\Exceptions\\Handler->renderHttpException(Object(Symfony\\Component\\HttpKernel\\Exception\\NotFoundHttpException))
#33 C:\\xampp\\htdocs\\apply like facebook\\active ecommer\\vendor\\laravel\\framework\\src\\Illuminate\\Foundation\\Exceptions\\Handler.php(556): Illuminate\\Foundation\\Exceptions\\Handler->prepareResponse(Object(Illuminate\\Http\\Request), Object(Symfony\\Component\\HttpKernel\\Exception\\NotFoundHttpException))
#34 C:\\xampp\\htdocs\\apply like facebook\\active ecommer\\vendor\\laravel\\framework\\src\\Illuminate\\Foundation\\Exceptions\\Handler.php(473): Illuminate\\Foundation\\Exceptions\\Handler->renderExceptionResponse(Object(Illuminate\\Http\\Request), Object(Symfony\\Component\\HttpKernel\\Exception\\NotFoundHttpException))
#35 C:\\xampp\\htdocs\\apply like facebook\\active ecommer\\app\\Exceptions\\Handler.php(55): Illuminate\\Foundation\\Exceptions\\Handler->render(Object(Illuminate\\Http\\Request), Object(Symfony\\Component\\HttpKernel\\Exception\\NotFoundHttpException))
#36 C:\\xampp\\htdocs\\apply like facebook\\active ecommer\\vendor\\laravel\\framework\\src\\Illuminate\\Routing\\Pipeline.php(51): App\\Exceptions\\Handler->render(Object(Illuminate\\Http\\Request), Object(Symfony\\Component\\HttpKernel\\Exception\\NotFoundHttpException))
#37 C:\\xampp\\htdocs\\apply like facebook\\active ecommer\\vendor\\laravel\\framework\\src\\Illuminate\\Pipeline\\Pipeline.php(146): Illuminate\\Routing\\Pipeline->handleException(Object(Illuminate\\Http\\Request), Object(Symfony\\Component\\HttpKernel\\Exception\\NotFoundHttpException))
#38 C:\\xampp\\htdocs\\apply like facebook\\active ecommer\\vendor\\barryvdh\\laravel-debugbar\\src\\Middleware\\InjectDebugbar.php(66): Illuminate\\Pipeline\\Pipeline->Illuminate\\Pipeline\\{closure}(Object(Illuminate\\Http\\Request))
#39 C:\\xampp\\htdocs\\apply like facebook\\active ecommer\\vendor\\laravel\\framework\\src\\Illuminate\\Pipeline\\Pipeline.php(183): Barryvdh\\Debugbar\\Middleware\\InjectDebugbar->handle(Object(Illuminate\\Http\\Request), Object(Closure))
#40 C:\\xampp\\htdocs\\apply like facebook\\active ecommer\\vendor\\laravel\\framework\\src\\Illuminate\\View\\Middleware\\ShareErrorsFromSession.php(49): Illuminate\\Pipeline\\Pipeline->Illuminate\\Pipeline\\{closure}(Object(Illuminate\\Http\\Request))
#41 C:\\xampp\\htdocs\\apply like facebook\\active ecommer\\vendor\\laravel\\framework\\src\\Illuminate\\Pipeline\\Pipeline.php(183): Illuminate\\View\\Middleware\\ShareErrorsFromSession->handle(Object(Illuminate\\Http\\Request), Object(Closure))
#42 C:\\xampp\\htdocs\\apply like facebook\\active ecommer\\vendor\\laravel\\framework\\src\\Illuminate\\Session\\Middleware\\StartSession.php(121): Illuminate\\Pipeline\\Pipeline->Illuminate\\Pipeline\\{closure}(Object(Illuminate\\Http\\Request))
#43 C:\\xampp\\htdocs\\apply like facebook\\active ecommer\\vendor\\laravel\\framework\\src\\Illuminate\\Session\\Middleware\\StartSession.php(64): Illuminate\\Session\\Middleware\\StartSession->handleStatefulRequest(Object(Illuminate\\Http\\Request), Object(Illuminate\\Session\\Store), Object(Closure))
#44 C:\\xampp\\htdocs\\apply like facebook\\active ecommer\\vendor\\laravel\\framework\\src\\Illuminate\\Pipeline\\Pipeline.php(183): Illuminate\\Session\\Middleware\\StartSession->handle(Object(Illuminate\\Http\\Request), Object(Closure))
#45 C:\\xampp\\htdocs\\apply like facebook\\active ecommer\\vendor\\laravel\\framework\\src\\Illuminate\\Http\\Middleware\\TrustProxies.php(39): Illuminate\\Pipeline\\Pipeline->Illuminate\\Pipeline\\{closure}(Object(Illuminate\\Http\\Request))
#46 C:\\xampp\\htdocs\\apply like facebook\\active ecommer\\vendor\\laravel\\framework\\src\\Illuminate\\Pipeline\\Pipeline.php(183): Illuminate\\Http\\Middleware\\TrustProxies->handle(Object(Illuminate\\Http\\Request), Object(Closure))
#47 C:\\xampp\\htdocs\\apply like facebook\\active ecommer\\vendor\\laravel\\framework\\src\\Illuminate\\Foundation\\Http\\Middleware\\TransformsRequest.php(21): Illuminate\\Pipeline\\Pipeline->Illuminate\\Pipeline\\{closure}(Object(Illuminate\\Http\\Request))
#48 C:\\xampp\\htdocs\\apply like facebook\\active ecommer\\vendor\\laravel\\framework\\src\\Illuminate\\Foundation\\Http\\Middleware\\ConvertEmptyStringsToNull.php(31): Illuminate\\Foundation\\Http\\Middleware\\TransformsRequest->handle(Object(Illuminate\\Http\\Request), Object(Closure))
#49 C:\\xampp\\htdocs\\apply like facebook\\active ecommer\\vendor\\laravel\\framework\\src\\Illuminate\\Pipeline\\Pipeline.php(183): Illuminate\\Foundation\\Http\\Middleware\\ConvertEmptyStringsToNull->handle(Object(Illuminate\\Http\\Request), Object(Closure))
#50 C:\\xampp\\htdocs\\apply like facebook\\active ecommer\\vendor\\laravel\\framework\\src\\Illuminate\\Foundation\\Http\\Middleware\\TransformsRequest.php(21): Illuminate\\Pipeline\\Pipeline->Illuminate\\Pipeline\\{closure}(Object(Illuminate\\Http\\Request))
#51 C:\\xampp\\htdocs\\apply like facebook\\active ecommer\\vendor\\laravel\\framework\\src\\Illuminate\\Foundation\\Http\\Middleware\\TrimStrings.php(40): Illuminate\\Foundation\\Http\\Middleware\\TransformsRequest->handle(Object(Illuminate\\Http\\Request), Object(Closure))
#52 C:\\xampp\\htdocs\\apply like facebook\\active ecommer\\vendor\\laravel\\framework\\src\\Illuminate\\Pipeline\\Pipeline.php(183): Illuminate\\Foundation\\Http\\Middleware\\TrimStrings->handle(Object(Illuminate\\Http\\Request), Object(Closure))
#53 C:\\xampp\\htdocs\\apply like facebook\\active ecommer\\vendor\\laravel\\framework\\src\\Illuminate\\Foundation\\Http\\Middleware\\ValidatePostSize.php(27): Illuminate\\Pipeline\\Pipeline->Illuminate\\Pipeline\\{closure}(Object(Illuminate\\Http\\Request))
#54 C:\\xampp\\htdocs\\apply like facebook\\active ecommer\\vendor\\laravel\\framework\\src\\Illuminate\\Pipeline\\Pipeline.php(183): Illuminate\\Foundation\\Http\\Middleware\\ValidatePostSize->handle(Object(Illuminate\\Http\\Request), Object(Closure))
#55 C:\\xampp\\htdocs\\apply like facebook\\active ecommer\\vendor\\laravel\\framework\\src\\Illuminate\\Pipeline\\Pipeline.php(119): Illuminate\\Pipeline\\Pipeline->Illuminate\\Pipeline\\{closure}(Object(Illuminate\\Http\\Request))
#56 C:\\xampp\\htdocs\\apply like facebook\\active ecommer\\vendor\\laravel\\framework\\src\\Illuminate\\Foundation\\Http\\Kernel.php(175): Illuminate\\Pipeline\\Pipeline->then(Object(Closure))
#57 C:\\xampp\\htdocs\\apply like facebook\\active ecommer\\vendor\\laravel\\framework\\src\\Illuminate\\Foundation\\Http\\Kernel.php(144): Illuminate\\Foundation\\Http\\Kernel->sendRequestThroughRouter(Object(Illuminate\\Http\\Request))
#58 C:\\xampp\\htdocs\\apply like facebook\\active ecommer\\public\\index.php(56): Illuminate\\Foundation\\Http\\Kernel->handle(Object(Illuminate\\Http\\Request))
#59 C:\\xampp\\htdocs\\apply like facebook\\active ecommer\\server.php(21): require_once('C:\\\\xampp\\\\htdocs...')
#60 {main}
"} 
